ID,ppl
0,1.000070333480835
1,1.0014005899429321
2,1.0016889572143555
3,1.0010541677474976
4,1.0039052963256836
5,1.000664234161377
6,1.003358244895935
7,1.0001451969146729
8,1.000035047531128
9,1.0011669397354126
10,1.0008488893508911
11,1.0001602172851562
12,1.0006837844848633
13,1.0013275146484375
14,1.0035001039505005
15,1.000577688217163
16,1.0001028776168823
17,1.0000710487365723
18,1.0003598928451538
19,1.0011706352233887
20,1.0000897645950317
21,1.0013567209243774
22,1.0027477741241455
23,1.0004459619522095
24,1.0007750988006592
25,1.0015357732772827
26,1.00169837474823
27,1.0005431175231934
28,1.0000731945037842
29,1.0000072717666626
30,1.0013587474822998
31,1.0013208389282227
32,1.0012563467025757
33,1.0012239217758179
34,1.0005371570587158
35,1.001253604888916
36,1.0013028383255005
37,1.0007268190383911
38,1.000625729560852
39,1.0007199048995972
40,1.0012937784194946
41,1.000430941581726
42,1.0013103485107422
43,1.000321626663208
44,1.000184178352356
45,1.0020610094070435
46,1.0011845827102661
47,1.0006070137023926
48,1.0002200603485107
49,1.000177025794983
50,1.000340461730957
51,1.001499056816101
52,1.0006182193756104
53,1.001063585281372
54,1.0004771947860718
55,1.0011911392211914
56,1.000688910484314
57,1.0008654594421387
58,1.000575065612793
59,1.0026826858520508
60,1.00056791305542
61,1.0001670122146606
62,1.001734733581543
63,1.0009526014328003
64,1.0030361413955688
65,1.000168800354004
66,1.0010130405426025
67,1.000669002532959
68,1.0009307861328125
69,1.001044750213623
70,1.0000859498977661
71,1.0002192258834839
72,1.0013175010681152
73,1.00049889087677
74,1.0000717639923096
75,1.001526117324829
76,1.0003005266189575
77,1.0012731552124023
78,1.0003865957260132
79,1.0023421049118042
80,1.00010347366333
81,1.0002186298370361
82,1.0010734796524048
83,1.0004698038101196
84,1.0018306970596313
85,1.0017565488815308
86,1.0018366575241089
87,1.0041723251342773
88,1.0001145601272583
89,1.00005042552948
90,1.0013247728347778
91,1.0005772113800049
92,1.0015392303466797
93,1.0011134147644043
94,1.0011380910873413
95,1.0009149312973022
96,1.0030852556228638
97,1.001966118812561
98,1.0016015768051147
99,1.0006717443466187
100,1.0000967979431152
101,1.000877022743225
102,1.002127766609192
103,1.0011205673217773
104,1.0013972520828247
105,1.0041749477386475
106,1.0034719705581665
107,1.0017316341400146
108,1.0027509927749634
109,1.0008174180984497
110,1.0011119842529297
111,1.0008795261383057
112,1.0047106742858887
113,1.0016698837280273
114,1.0012576580047607
115,1.007269263267517
116,1.0021222829818726
117,1.0026862621307373
118,1.000496506690979
119,1.0004870891571045
120,1.000553011894226
121,1.0003176927566528
122,1.0008883476257324
123,1.0024386644363403
124,1.0001158714294434
125,1.0001606941223145
126,1.0021506547927856
127,1.0006314516067505
128,1.0005440711975098
129,1.0004866123199463
130,1.0007843971252441
131,1.0007374286651611
132,1.0002706050872803
133,1.0027568340301514
134,1.000335454940796
135,1.0008761882781982
136,1.0015869140625
137,1.00029456615448
138,1.0000190734863281
139,1.000095009803772
140,1.0001535415649414
141,1.0003567934036255
142,1.0010451078414917
143,1.0001850128173828
144,1.0026453733444214
145,1.0014618635177612
146,1.0012906789779663
147,1.000789761543274
148,1.0007778406143188
149,1.0006458759307861
150,1.000185251235962
151,1.0002555847167969
152,1.0002001523971558
153,1.0010583400726318
154,1.0004850625991821
155,1.000847578048706
156,1.0004796981811523
157,1.0017937421798706
158,1.0001814365386963
159,1.0058467388153076
160,1.0018593072891235
161,1.0009359121322632
162,1.0016947984695435
163,1.0015082359313965
164,1.0005725622177124
165,1.0000975131988525
166,1.0002117156982422
167,1.0003770589828491
168,1.0003324747085571
169,1.0006951093673706
170,1.0002540349960327
171,1.0006051063537598
172,1.001070499420166
173,1.0001490116119385
174,1.0062189102172852
175,1.0011335611343384
176,1.0021929740905762
177,1.000815987586975
178,1.0005451440811157
179,1.0010669231414795
180,1.0012967586517334
181,1.0030341148376465
182,1.0014361143112183
183,1.0005807876586914
184,1.000065803527832
185,1.00062894821167
186,1.0007168054580688
187,1.0005797147750854
188,1.0014811754226685
189,1.0003494024276733
190,1.002272605895996
191,1.0005979537963867
192,1.0004281997680664
193,1.0012465715408325
194,1.0003786087036133
195,1.002402663230896
196,1.009275197982788
197,1.0015968084335327
198,1.0003643035888672
199,1.000557780265808
200,1.0004602670669556
201,1.0026180744171143
202,1.0006579160690308
203,1.0004183053970337
204,1.0012322664260864
205,1.000103235244751
206,1.001179814338684
207,1.003117561340332
208,1.0010199546813965
209,1.0007297992706299
210,1.0007061958312988
211,1.0008695125579834
212,1.0018402338027954
213,1.0020748376846313
214,1.0051136016845703
215,1.0008782148361206
216,1.0006687641143799
217,1.0037978887557983
218,1.0012255907058716
219,1.0010035037994385
220,1.0008506774902344
221,1.0001986026763916
222,1.0018023252487183
223,1.0005346536636353
224,1.000332236289978
225,1.001250147819519
226,1.0007637739181519
227,1.0011916160583496
228,1.0012942552566528
229,1.0006192922592163
230,1.0009746551513672
231,1.0031861066818237
232,1.0005900859832764
233,1.0003628730773926
234,1.0011448860168457
235,1.00013267993927
236,1.0002959966659546
237,1.001043438911438
238,1.0001298189163208
239,1.0007771253585815
240,1.003278374671936
241,1.0000468492507935
242,1.000174880027771
243,1.0002776384353638
244,1.000291109085083
245,1.0005208253860474
246,1.0018376111984253
247,1.0004249811172485
248,1.000522255897522
249,1.0003379583358765
250,1.0011858940124512
251,1.0008671283721924
252,1.0020431280136108
253,1.001910924911499
254,1.0023949146270752
255,1.0012071132659912
256,1.0001877546310425
257,1.0011357069015503
258,1.0002927780151367
259,1.000304937362671
260,1.0014281272888184
261,1.0028514862060547
262,1.0006550550460815
263,1.0003618001937866
264,1.001128911972046
265,1.002551794052124
266,1.00202476978302
267,1.0004652738571167
268,1.000734567642212
269,1.0015686750411987
270,1.0007039308547974
271,1.0008039474487305
272,1.0009833574295044
273,1.0018125772476196
274,1.0006300210952759
275,1.001617193222046
276,1.0007394552230835
277,1.0018198490142822
278,1.000171422958374
279,1.000648856163025
280,1.000343680381775
281,1.0003083944320679
282,1.0002707242965698
283,1.0013593435287476
284,1.00140380859375
285,1.0009146928787231
286,1.0006834268569946
287,1.0030701160430908
288,1.0001682043075562
289,1.0115915536880493
290,1.0007169246673584
291,1.0021626949310303
292,1.0064504146575928
293,1.003243088722229
294,1.001242756843567
295,1.0044834613800049
296,1.0037484169006348
297,1.0028014183044434
298,1.0031718015670776
299,1.0007338523864746
300,1.0019619464874268
301,1.0053880214691162
302,1.0042479038238525
303,1.0050550699234009
304,1.0006929636001587
305,1.0002844333648682
306,1.0002387762069702
307,1.0004991292953491
308,1.0009642839431763
309,1.0007251501083374
310,1.0000667572021484
311,1.0000159740447998
312,1.0011013746261597
313,1.001051664352417
314,1.00022292137146
315,1.000415563583374
316,1.000891089439392
317,1.0002882480621338
318,1.0015289783477783
319,1.0008413791656494
320,1.0004515647888184
321,1.0005617141723633
322,1.0007922649383545
323,1.0012152194976807
324,1.0007871389389038
325,1.0002970695495605
326,1.0018075704574585
327,1.001649260520935
328,1.0010926723480225
329,1.0003948211669922
330,1.0009173154830933
331,1.0019291639328003
332,1.0004140138626099
333,1.0009349584579468
334,1.0033574104309082
335,1.001019835472107
336,1.004799485206604
337,1.002284288406372
338,1.0144981145858765
339,1.000716209411621
340,1.0128618478775024
341,1.0131707191467285
342,1.0004702806472778
343,1.0012705326080322
344,1.00330650806427
345,1.001576542854309
346,1.0011959075927734
347,1.0030704736709595
348,1.0008138418197632
349,1.0019118785858154
350,1.0004487037658691
351,1.0011093616485596
352,1.0007354021072388
353,1.000626802444458
354,1.000749111175537
355,1.0014381408691406
356,1.000290870666504
357,1.000249981880188
358,1.0007644891738892
359,1.000617265701294
360,1.001789927482605
361,1.0011589527130127
362,1.0016311407089233
363,1.0022542476654053
364,1.0029995441436768
365,1.0005816221237183
366,1.0020649433135986
367,1.001503348350525
368,1.0012587308883667
369,1.0011556148529053
370,1.0003050565719604
371,1.0006574392318726
372,1.0013972520828247
373,1.0010769367218018
374,1.0079944133758545
375,1.000291109085083
376,1.0003665685653687
377,1.0001161098480225
378,1.0001857280731201
379,1.0008206367492676
380,1.002616286277771
381,1.0006200075149536
382,1.0015801191329956
383,1.0012763738632202
384,1.001902461051941
385,1.0011967420578003
386,1.0002614259719849
387,1.0001076459884644
388,1.0002800226211548
389,1.0007153749465942
390,1.0004514455795288
391,1.001598834991455
392,1.000915765762329
393,1.0015795230865479
394,1.0003005266189575
395,1.001115322113037
396,1.0025006532669067
397,1.0011757612228394
398,1.0024816989898682
399,1.0007206201553345
400,1.0006718635559082
401,1.0005323886871338
402,1.0004090070724487
403,1.0007498264312744
404,1.0041781663894653
405,1.0010161399841309
406,1.0004152059555054
407,1.0064587593078613
408,1.0002388954162598
409,1.0075311660766602
410,1.0006705522537231
411,1.0003125667572021
412,1.0002906322479248
413,1.0004663467407227
414,1.0037552118301392
415,1.0001163482666016
416,1.006198525428772
417,1.00177001953125
418,1.004778504371643
419,1.0041792392730713
420,1.0007892847061157
421,1.0061414241790771
422,1.00310218334198
423,1.0004761219024658
424,1.0006049871444702
425,1.0002754926681519
426,1.0015918016433716
427,1.0007944107055664
428,1.0010453462600708
429,1.0021497011184692
430,1.0008978843688965
431,1.000126838684082
432,1.0035401582717896
433,1.0001187324523926
434,1.004853367805481
435,1.0005316734313965
436,1.0008323192596436
437,1.003718614578247
438,1.0038607120513916
439,1.0002689361572266
440,1.002941370010376
441,1.000977635383606
442,1.0014134645462036
443,1.0029782056808472
444,1.0008032321929932
445,1.000487208366394
446,1.0008553266525269
447,1.0007773637771606
448,1.0045164823532104
449,1.0008662939071655
450,1.0009043216705322
451,1.0027287006378174
452,1.000101923942566
453,1.000230073928833
454,1.0004693269729614
455,1.0035854578018188
456,1.000320315361023
457,1.002096176147461
458,1.000504970550537
459,1.0014636516571045
460,1.0035557746887207
461,1.0016241073608398
462,1.0012927055358887
463,1.0003997087478638
464,1.0008537769317627
465,1.0015226602554321
466,1.000698208808899
467,1.0002741813659668
468,1.0003048181533813
469,1.001705527305603
470,1.000259280204773
471,1.000175952911377
472,1.0001758337020874
473,1.000124216079712
474,1.0006985664367676
475,1.0006253719329834
476,1.0024566650390625
477,1.002927303314209
478,1.006468415260315
479,1.0007846355438232
480,1.000249981880188
481,1.0004991292953491
482,1.0003026723861694
483,1.0000721216201782
484,1.001145362854004
485,1.0003862380981445
486,1.0003150701522827
487,1.000111699104309
488,1.002146601676941
489,1.0011495351791382
490,1.005012035369873
491,1.0002961158752441
492,1.0001579523086548
493,1.0004178285598755
494,1.0009636878967285
495,1.00065279006958
496,1.0001695156097412
497,1.0000959634780884
498,1.0008697509765625
499,1.0016127824783325
500,1.0000876188278198
501,1.0006383657455444
502,1.0003483295440674
503,1.00052809715271
504,1.0021804571151733
505,1.0004277229309082
506,1.000343680381775
507,1.0013262033462524
508,1.000289797782898
509,1.0007598400115967
510,1.0017986297607422
511,1.0003920793533325
512,1.0003448724746704
513,1.0017151832580566
514,1.0002679824829102
515,1.000261664390564
516,1.0002405643463135
517,1.003538727760315
518,1.00033700466156
519,1.0030003786087036
520,1.0009263753890991
521,1.0005249977111816
522,1.00208580493927
523,1.0064738988876343
524,1.002570629119873
525,1.0016032457351685
526,1.0018911361694336
527,1.0041247606277466
528,1.0030399560928345
529,1.0014472007751465
530,1.0024819374084473
531,1.0030707120895386
532,1.0008231401443481
533,1.0042403936386108
534,1.000558614730835
535,1.002272605895996
536,1.001015067100525
537,1.0033912658691406
538,1.0022591352462769
539,1.0003985166549683
540,1.0007468461990356
541,1.0007367134094238
542,1.003225564956665
543,1.0036619901657104
544,1.0032092332839966
545,1.0030559301376343
546,1.0039458274841309
547,1.0006263256072998
548,1.0008201599121094
549,1.001650094985962
550,1.0011380910873413
551,1.0035464763641357
552,1.0021650791168213
553,1.001527190208435
554,1.0014911890029907
555,1.0002923011779785
556,1.0014716386795044
557,1.0026108026504517
558,1.0003000497817993
559,1.002945065498352
560,1.0014020204544067
561,1.0002599954605103
562,1.0005329847335815
563,1.0036922693252563
564,1.0039818286895752
565,1.0005948543548584
566,1.0011632442474365
567,1.0001347064971924
568,1.0006595849990845
569,1.000746488571167
570,1.0006000995635986
571,1.0013062953948975
572,1.0001490116119385
573,1.0012348890304565
574,1.0030466318130493
575,1.0004353523254395
576,1.002014398574829
577,1.0003340244293213
578,1.0000330209732056
579,1.0013372898101807
580,1.000140905380249
581,1.0001765489578247
582,1.001416802406311
583,1.0002431869506836
584,1.000615119934082
585,1.0034977197647095
586,1.002058506011963
587,1.0010685920715332
588,1.0024460554122925
589,1.0017004013061523
590,1.0082945823669434
591,1.0004520416259766
592,1.001219391822815
593,1.0014445781707764
594,1.0006769895553589
595,1.0002177953720093
596,1.0005228519439697
597,1.0009772777557373
598,1.001328706741333
599,1.0014734268188477
600,1.0023624897003174
601,1.0001620054244995
602,1.0020716190338135
603,1.002308964729309
604,1.001072645187378
605,1.00022554397583
606,1.0005375146865845
607,1.0019371509552002
608,1.0000325441360474
609,1.0010197162628174
610,1.0004898309707642
611,1.000732183456421
612,1.0012903213500977
613,1.0004181861877441
614,1.0004147291183472
615,1.0005830526351929
616,1.0001076459884644
617,1.0030146837234497
618,1.0005395412445068
619,1.0015608072280884
620,1.0032801628112793
621,1.000508189201355
622,1.0049642324447632
623,1.0008310079574585
624,1.004021406173706
625,1.0010868310928345
626,1.0020328760147095
627,1.0015488862991333
628,1.0023317337036133
629,1.00136137008667
630,1.0010789632797241
631,1.0010302066802979
632,1.0024802684783936
633,1.0008870363235474
634,1.0014240741729736
635,1.0001084804534912
636,1.0005580186843872
637,1.0015467405319214
638,1.0011334419250488
639,1.0001487731933594
640,1.0018298625946045
641,1.0017632246017456
642,1.0024762153625488
643,1.0000314712524414
644,1.0000252723693848
645,1.0002777576446533
646,1.000568151473999
647,1.0000793933868408
648,1.001076340675354
649,1.002689242362976
650,1.0001765489578247
651,1.0021452903747559
652,1.002990961074829
653,1.0025252103805542
654,1.0001555681228638
655,1.0041429996490479
656,1.0076292753219604
657,1.0002217292785645
658,1.0067366361618042
659,1.000634789466858
660,1.0001429319381714
661,1.0001256465911865
662,1.0008642673492432
663,1.0003674030303955
664,1.0007563829421997
665,1.0012942552566528
666,1.0001144409179688
667,1.0000375509262085
668,1.0007485151290894
669,1.00033438205719
670,1.0005459785461426
671,1.0012105703353882
672,1.000465989112854
673,1.0003793239593506
674,1.0012859106063843
675,1.0008147954940796
676,1.0007437467575073
677,1.0020077228546143
678,1.0007349252700806
679,1.0009315013885498
680,1.0009944438934326
681,1.0023488998413086
682,1.0012774467468262
683,1.0004589557647705
684,1.0002195835113525
685,1.0016456842422485
686,1.0003355741500854
687,1.0093321800231934
688,1.0009182691574097
689,1.0022169351577759
690,1.0024664402008057
691,1.005755066871643
692,1.0011754035949707
693,1.000483512878418
694,1.0023446083068848
695,1.0009998083114624
696,1.0015337467193604
697,1.0008701086044312
698,1.0004909038543701
699,1.0010617971420288
700,1.0009329319000244
701,1.0011382102966309
702,1.0000897645950317
703,1.0000617504119873
704,1.0001240968704224
705,1.0000666379928589
706,1.0001431703567505
707,1.000059723854065
708,1.0025713443756104
709,1.0000989437103271
710,1.0012850761413574
711,1.0006006956100464
712,1.0011414289474487
713,1.000671148300171
714,1.0013259649276733
715,1.0010292530059814
716,1.001706600189209
717,1.0006386041641235
718,1.0016593933105469
719,1.0009596347808838
720,1.000691294670105
721,1.0008361339569092
722,1.0010077953338623
723,1.0014104843139648
724,1.0014034509658813
725,1.0023201704025269
726,1.0039900541305542
727,1.0016566514968872
728,1.00188410282135
729,1.0010496377944946
730,1.0020860433578491
731,1.001501441001892
732,1.0014917850494385
733,1.0017377138137817
734,1.0003551244735718
735,1.0014854669570923
736,1.0016034841537476
737,1.0034009218215942
738,1.0007473230361938
739,1.000968098640442
740,1.000623106956482
741,1.0022883415222168
742,1.0013681650161743
743,1.0030336380004883
744,1.0009477138519287
745,1.0008459091186523
746,1.0006119012832642
747,1.001822590827942
748,1.0025365352630615
749,1.0003843307495117
750,1.00095796585083
751,1.000687599182129
752,1.0011881589889526
753,1.001118779182434
754,1.0016491413116455
755,1.0010319948196411
756,1.0002723932266235
757,1.0005296468734741
758,1.0014344453811646
759,1.0001060962677002
760,1.0015044212341309
761,1.0028929710388184
762,1.0009400844573975
763,1.000889539718628
764,1.0021815299987793
765,1.000231146812439
766,1.0057783126831055
767,1.0029784440994263
768,1.0035245418548584
769,1.0009006261825562
770,1.000614047050476
771,1.003658413887024
772,1.0029282569885254
773,1.0007315874099731
774,1.0029820203781128
775,1.0009114742279053
776,1.0002254247665405
777,1.0002353191375732
778,1.0047335624694824
779,1.0004299879074097
780,1.000685453414917
781,1.001818060874939
782,1.0013478994369507
783,1.0007449388504028
784,1.0002777576446533
785,1.0017653703689575
786,1.001204013824463
787,1.0051751136779785
788,1.0026346445083618
789,1.0024393796920776
790,1.0003942251205444
791,1.000326156616211
792,1.0023912191390991
793,1.0047534704208374
794,1.001097321510315
795,1.0008447170257568
796,1.0010967254638672
797,1.0004584789276123
798,1.00031578540802
799,1.0009478330612183
800,1.0003407001495361
801,1.0006155967712402
802,1.0002880096435547
803,1.0030066967010498
804,1.001313328742981
805,1.0000495910644531
806,1.0016590356826782
807,1.0027837753295898
808,1.0014617443084717
809,1.0009111166000366
810,1.001589298248291
811,1.001034140586853
812,1.0013346672058105
813,1.0007652044296265
814,1.0023460388183594
815,1.0021330118179321
816,1.0008572340011597
817,1.0008193254470825
818,1.0000604391098022
819,1.000906229019165
820,1.0007009506225586
821,1.0103925466537476
822,1.0016584396362305
823,1.0008755922317505
824,1.0013353824615479
825,1.000152587890625
826,1.0003197193145752
827,1.0001749992370605
828,1.0001170635223389
829,1.0005247592926025
830,1.0017129182815552
831,1.0009931325912476
832,1.0005370378494263
833,1.0001060962677002
834,1.0001293420791626
835,1.0000357627868652
836,1.0001091957092285
837,1.001922607421875
838,1.0035103559494019
839,1.0014861822128296
840,1.0059336423873901
841,1.0104979276657104
842,1.0021432638168335
843,1.0044795274734497
844,1.0047945976257324
845,1.0016199350357056
846,1.0009287595748901
847,1.000950813293457
848,1.000678539276123
849,1.0033340454101562
850,1.0015861988067627
851,1.0008575916290283
852,1.0022923946380615
853,1.0037208795547485
854,1.0016289949417114
855,1.0010805130004883
856,1.0025227069854736
857,1.0015889406204224
858,1.0090583562850952
859,1.000056266784668
860,1.0006483793258667
861,1.0040003061294556
862,1.0014411211013794
863,1.0019193887710571
864,1.000810980796814
865,1.001528024673462
866,1.0011708736419678
867,1.0022742748260498
868,1.0006122589111328
869,1.0024491548538208
870,1.0062737464904785
871,1.0004971027374268
872,1.0000083446502686
873,1.0028809309005737
874,1.0033605098724365
875,1.00016450881958
876,1.000895619392395
877,1.0014801025390625
878,1.0007985830307007
879,1.0002484321594238
880,1.002679467201233
881,1.0012153387069702
882,1.000287413597107
883,1.0018638372421265
884,1.0009894371032715
885,1.0002479553222656
886,1.000393033027649
887,1.0015592575073242
888,1.0012788772583008
889,1.0008769035339355
890,1.0029418468475342
891,1.0019547939300537
892,1.0015689134597778
893,1.0001435279846191
894,1.0002641677856445
895,1.000996470451355
896,1.0020116567611694
897,1.0014222860336304
898,1.0008684396743774
899,1.0007411241531372
900,1.001289963722229
901,1.009866714477539
902,1.0091267824172974
903,1.0016969442367554
904,1.0022138357162476
905,1.0010547637939453
906,1.00308096408844
907,1.003427505493164
908,1.001710295677185
909,1.0004907846450806
910,1.0001674890518188
911,1.0005054473876953
912,1.0002111196517944
913,1.00021231174469
914,1.001436710357666
915,1.0025761127471924
916,1.0004971027374268
917,1.0003178119659424
918,1.0005288124084473
919,1.001060128211975
920,1.0017201900482178
921,1.0012037754058838
922,1.0016262531280518
923,1.0014712810516357
924,1.0009210109710693
925,1.0011616945266724
926,1.0059903860092163
927,1.0008925199508667
928,1.003482460975647
929,1.0004451274871826
930,1.0002719163894653
931,1.0037189722061157
932,1.002636194229126
933,1.0014368295669556
934,1.0012654066085815
935,1.0000910758972168
936,1.0016964673995972
937,1.000169277191162
938,1.004506230354309
939,1.0000932216644287
940,1.000127911567688
941,1.0011061429977417
942,1.0001156330108643
943,1.000739336013794
944,1.000361442565918
945,1.0003350973129272
946,1.0009855031967163
947,1.0030863285064697
948,1.002461552619934
949,1.0039490461349487
950,1.000481367111206
951,1.0006451606750488
952,1.0063176155090332
953,1.0040009021759033
954,1.0011576414108276
955,1.0014286041259766
956,1.000706672668457
957,1.0011496543884277
958,1.0020854473114014
959,1.0017597675323486
960,1.0048409700393677
961,1.0012725591659546
962,1.002377986907959
963,1.0017876625061035
964,1.0016422271728516
965,1.0019701719284058
966,1.004117488861084
967,1.0012544393539429
968,1.0010347366333008
969,1.0002521276474
970,1.003949761390686
971,1.0017284154891968
972,1.0005836486816406
973,1.0008376836776733
974,1.00191068649292
975,1.002287745475769
976,1.000738501548767
977,1.0054312944412231
978,1.0014851093292236
979,1.0013315677642822
980,1.0022830963134766
981,1.0004552602767944
982,1.0005885362625122
983,1.0004197359085083
984,1.000715970993042
985,1.0009385347366333
986,1.0006905794143677
987,1.000194787979126
988,1.0003474950790405
989,1.0020740032196045
990,1.0023185014724731
991,1.000342607498169
992,1.0038490295410156
993,1.0014904737472534
994,1.0015485286712646
995,1.0017703771591187
996,1.0017322301864624
997,1.0028221607208252
998,1.0017300844192505
999,1.0020214319229126
1000,1.0016547441482544
1001,1.000801920890808
1002,1.000489592552185
1003,1.001215934753418
1004,1.000693917274475
1005,1.0004829168319702
1006,1.000146746635437
1007,1.0001797676086426
1008,1.0002548694610596
1009,1.0014938116073608
1010,1.0035154819488525
1011,1.0018192529678345
1012,1.0008180141448975
1013,1.0052731037139893
1014,1.0086090564727783
1015,1.000758171081543
1016,1.0016261339187622
1017,1.0032720565795898
1018,1.0036553144454956
1019,1.0016441345214844
1020,1.0002700090408325
1021,1.000415563583374
1022,1.000166893005371
1023,1.000485897064209
1024,1.001203179359436
1025,1.0006026029586792
1026,1.000494360923767
1027,1.0007652044296265
1028,1.000554084777832
1029,1.0001072883605957
1030,1.0046756267547607
1031,1.0016539096832275
1032,1.0007375478744507
1033,1.002120852470398
1034,1.0005601644515991
1035,1.0015435218811035
1036,1.000619649887085
1037,1.0037504434585571
1038,1.000232458114624
1039,1.0018504858016968
1040,1.0009442567825317
1041,1.00375235080719
1042,1.0001089572906494
1043,1.0025255680084229
1044,1.0032304525375366
1045,1.0014286041259766
1046,1.0001424551010132
1047,1.0010870695114136
1048,1.0017379522323608
1049,1.0046666860580444
1050,1.0053855180740356
1051,1.0005344152450562
1052,1.0010932683944702
1053,1.0006144046783447
1054,1.0047155618667603
1055,1.0001349449157715
1056,1.0024312734603882
1057,1.0027883052825928
1058,1.0008089542388916
1059,1.0008598566055298
1060,1.0009104013442993
1061,1.0010520219802856
1062,1.0014740228652954
1063,1.0008045434951782
1064,1.0008063316345215
1065,1.0026389360427856
1066,1.0034465789794922
1067,1.0005617141723633
1068,1.000889778137207
1069,1.000999093055725
1070,1.000171422958374
1071,1.001155972480774
1072,1.0013266801834106
1073,1.0015743970870972
1074,1.0013008117675781
1075,1.0014008283615112
1076,1.0007774829864502
1077,1.001136064529419
1078,1.0003886222839355
1079,1.0011932849884033
1080,1.0014641284942627
1081,1.000596046447754
1082,1.0011199712753296
1083,1.001193642616272
1084,1.001255989074707
1085,1.0005455017089844
1086,1.0012208223342896
1087,1.0015506744384766
1088,1.0005085468292236
1089,1.0002365112304688
1090,1.002610683441162
1091,1.0010490417480469
1092,1.0016624927520752
1093,1.0029988288879395
1094,1.001982569694519
1095,1.0023126602172852
1096,1.0002074241638184
1097,1.0006564855575562
1098,1.000484824180603
1099,1.000717282295227
1100,1.0001198053359985
1101,1.0028800964355469
1102,1.0034615993499756
1103,1.002034306526184
1104,1.0005731582641602
1105,1.0006142854690552
1106,1.0019452571868896
1107,1.0002665519714355
1108,1.0006834268569946
1109,1.0000989437103271
1110,1.0003740787506104
1111,1.0026636123657227
1112,1.0018973350524902
1113,1.0016435384750366
1114,1.001968502998352
1115,1.001973032951355
1116,1.001856803894043
1117,1.0038244724273682
1118,1.0019261837005615
1119,1.0017415285110474
1120,1.0006994009017944
1121,1.0035253763198853
1122,1.000784993171692
1123,1.0013455152511597
1124,1.0027540922164917
1125,1.0005615949630737
1126,1.0010201930999756
1127,1.000670075416565
1128,1.0017733573913574
1129,1.0000388622283936
1130,1.0042755603790283
1131,1.0104341506958008
1132,1.0019670724868774
1133,1.003195881843567
1134,1.0015058517456055
1135,1.0007078647613525
1136,1.0002340078353882
1137,1.0031148195266724
1138,1.0012056827545166
1139,1.0008738040924072
1140,1.0013203620910645
1141,1.0005207061767578
1142,1.0003890991210938
1143,1.001141905784607
1144,1.0027620792388916
1145,1.0009863376617432
1146,1.0013542175292969
1147,1.001780390739441
1148,1.000247597694397
1149,1.0023255348205566
1150,1.0019505023956299
1151,1.0012253522872925
1152,1.0016283988952637
1153,1.0009952783584595
1154,1.0020254850387573
1155,1.0008360147476196
1156,1.0030863285064697
1157,1.0017707347869873
1158,1.0017448663711548
1159,1.001739263534546
1160,1.000741720199585
1161,1.005394697189331
1162,1.002880573272705
1163,1.0010801553726196
1164,1.0010076761245728
1165,1.0023726224899292
1166,1.0031895637512207
1167,1.001685380935669
1168,1.0010871887207031
1169,1.0014907121658325
1170,1.0033329725265503
1171,1.001448631286621
1172,1.0033488273620605
1173,1.0023813247680664
1174,1.001678228378296
1175,1.003108263015747
1176,1.0007367134094238
1177,1.0017009973526
1178,1.0030893087387085
1179,1.0007840394973755
1180,1.0013442039489746
1181,1.0004608631134033
1182,1.0019816160202026
1183,1.0011117458343506
1184,1.0012164115905762
1185,1.002297282218933
1186,1.0000888109207153
1187,1.0001869201660156
1188,1.0004136562347412
1189,1.0032280683517456
1190,1.0009468793869019
1191,1.000430941581726
1192,1.0002471208572388
1193,1.000893473625183
1194,1.0007976293563843
1195,1.001220464706421
1196,1.0003774166107178
1197,1.0008372068405151
1198,1.0004323720932007
1199,1.0019559860229492
1200,1.0010485649108887
1201,1.000343680381775
1202,1.0014173984527588
1203,1.0004174709320068
1204,1.0005011558532715
1205,1.0001860857009888
1206,1.0001176595687866
1207,1.0004758834838867
1208,1.0011262893676758
1209,1.0009551048278809
1210,1.0006972551345825
1211,1.0000956058502197
1212,1.0001139640808105
1213,1.0005134344100952
1214,1.0005680322647095
1215,1.0007466077804565
1216,1.0001258850097656
1217,1.0009384155273438
1218,1.0004440546035767
1219,1.0005491971969604
1220,1.0003217458724976
1221,1.001093864440918
1222,1.0001646280288696
1223,1.0029252767562866
1224,1.0795063972473145
1225,1.0786385536193848
1226,1.0770373344421387
1227,1.0023856163024902
1228,1.0004346370697021
1229,1.0011961460113525
1230,1.0782060623168945
1231,1.001102089881897
1232,1.0778230428695679
1233,1.0772147178649902
1234,1.0001505613327026
1235,1.0003998279571533
1236,1.0005840063095093
1237,1.0769683122634888
1238,1.1619439125061035
1239,1.0776580572128296
1240,1.0005520582199097
1241,1.0771368741989136
1242,1.0011624097824097
1243,1.0003565549850464
1244,1.077523112297058
1245,1.0783671140670776
1246,1.0812294483184814
1247,1.000281572341919
1248,1.0014604330062866
1249,1.0005446672439575
1250,1.077160358428955
1251,1.0790985822677612
1252,1.0770270824432373
1253,1.0775693655014038
1254,1.077800989151001
1255,1.002832055091858
1256,1.0014898777008057
1257,1.0003397464752197
1258,1.0024083852767944
1259,1.0026729106903076
1260,1.0014877319335938
1261,1.0037024021148682
1262,1.0010881423950195
1263,1.001586675643921
1264,1.0007672309875488
1265,1.0011595487594604
1266,1.0004830360412598
1267,1.001143217086792
1268,1.002245545387268
1269,1.0017271041870117
1270,1.0082134008407593
1271,1.0047153234481812
1272,1.0010484457015991
1273,1.000511646270752
1274,1.0009758472442627
1275,1.0006123781204224
1276,1.0018099546432495
1277,1.0008832216262817
1278,1.0002986192703247
1279,1.0011082887649536
1280,1.0012192726135254
1281,1.0007647275924683
1282,1.0033156871795654
1283,1.0016231536865234
1284,1.001141905784607
1285,1.0003941059112549
1286,1.001490831375122
1287,1.0012736320495605
1288,1.0030285120010376
1289,1.0008238554000854
1290,1.0007368326187134
1291,1.0012820959091187
1292,1.0004535913467407
1293,1.0002918243408203
1294,1.0032230615615845
1295,1.0023739337921143
1296,1.0010488033294678
1297,1.0004115104675293
1298,1.0004255771636963
1299,1.0014711618423462
1300,1.0020673274993896
1301,1.0049583911895752
1302,1.0007036924362183
1303,1.0031003952026367
1304,1.0035638809204102
1305,1.0014532804489136
1306,1.004825234413147
1307,1.0040185451507568
1308,1.0024135112762451
1309,1.0009727478027344
1310,1.0014070272445679
1311,1.0001436471939087
1312,1.0019086599349976
1313,1.0016969442367554
1314,1.0009909868240356
1315,1.0030375719070435
1316,1.0016453266143799
1317,1.0016485452651978
1318,1.0014711618423462
1319,1.0016740560531616
1320,1.009535551071167
1321,1.000382661819458
1322,1.0026874542236328
1323,1.0031837224960327
1324,1.0019739866256714
1325,1.0012602806091309
1326,1.001068353652954
1327,1.0005871057510376
1328,1.0019557476043701
1329,1.0029308795928955
1330,1.0004514455795288
1331,1.0018256902694702
1332,1.0031499862670898
1333,1.0016231536865234
1334,1.001198410987854
1335,1.0007598400115967
1336,1.0011491775512695
1337,1.001179575920105
1338,1.001702070236206
1339,1.0009695291519165
1340,1.000596284866333
1341,1.0037157535552979
1342,1.0009050369262695
1343,1.0005124807357788
1344,1.0018179416656494
1345,1.0016955137252808
1346,1.0017032623291016
1347,1.0007940530776978
1348,1.0011346340179443
1349,1.0007997751235962
1350,1.0016839504241943
1351,1.0031546354293823
1352,1.0000815391540527
1353,1.0009831190109253
1354,1.0020381212234497
1355,1.0008107423782349
1356,1.000232219696045
1357,1.0012911558151245
1358,1.0010809898376465
1359,1.0014128684997559
1360,1.0007452964782715
1361,1.0004934072494507
1362,1.0007712841033936
1363,1.0011004209518433
1364,1.0008171796798706
1365,1.0007141828536987
1366,1.0012811422348022
1367,1.0062873363494873
1368,1.0009267330169678
1369,1.0000404119491577
1370,1.000495195388794
1371,1.0002892017364502
1372,1.0010895729064941
1373,1.0028939247131348
1374,1.0000145435333252
1375,1.0035187005996704
1376,1.0018025636672974
1377,1.0002596378326416
1378,1.0002590417861938
1379,1.0005083084106445
1380,1.001159429550171
1381,1.0005091428756714
1382,1.0000970363616943
1383,1.0005719661712646
1384,1.0001384019851685
1385,1.0049082040786743
1386,1.0055166482925415
1387,1.0030436515808105
1388,1.0024604797363281
1389,1.0017344951629639
1390,1.0008724927902222
1391,1.0034416913986206
1392,1.0008409023284912
1393,1.0006706714630127
1394,1.0004838705062866
1395,1.0003361701965332
1396,1.0000697374343872
1397,1.0015721321105957
1398,1.0005196332931519
1399,1.0015044212341309
1400,1.0033444166183472
1401,1.0010148286819458
1402,1.0008182525634766
1403,1.006075143814087
1404,1.0002511739730835
1405,1.0008716583251953
1406,1.0003900527954102
1407,1.0017099380493164
1408,1.000639796257019
1409,1.0006484985351562
1410,1.0042734146118164
1411,1.0032098293304443
1412,1.0008347034454346
1413,1.000089168548584
1414,1.0045326948165894
1415,1.0002927780151367
1416,1.0011540651321411
1417,1.0009350776672363
1418,1.0006368160247803
1419,1.0009896755218506
1420,1.0001128911972046
1421,1.0010758638381958
1422,1.0002695322036743
1423,1.0005124807357788
1424,1.001829981803894
1425,1.0004922151565552
1426,1.000490427017212
1427,1.000806450843811
1428,1.0005067586898804
1429,1.0031919479370117
1430,1.0011165142059326
1431,1.002186894416809
1432,1.0006119012832642
1433,1.0011128187179565
1434,1.0014094114303589
1435,1.0029892921447754
1436,1.0003221035003662
1437,1.0001637935638428
1438,1.0009657144546509
1439,1.0023621320724487
1440,1.0001411437988281
1441,1.002382516860962
1442,1.0008169412612915
1443,1.002375841140747
1444,1.0007041692733765
1445,1.0011932849884033
1446,1.0010615587234497
1447,1.0005017518997192
1448,1.001889705657959
1449,1.0015417337417603
1450,1.001206398010254
1451,1.001718521118164
1452,1.0009769201278687
1453,1.000939130783081
1454,1.000709891319275
1455,1.003199815750122
1456,1.0031962394714355
1457,1.0004396438598633
1458,1.0005491971969604
1459,1.000154972076416
1460,1.0006238222122192
1461,1.002326488494873
1462,1.0004255771636963
1463,1.0007394552230835
1464,1.000252366065979
1465,1.0005303621292114
1466,1.0006029605865479
1467,1.0002726316452026
1468,1.0022176504135132
1469,1.0004600286483765
1470,1.0001108646392822
1471,1.0010290145874023
1472,1.0005050897598267
1473,1.0026919841766357
1474,1.001570224761963
1475,1.0046188831329346
1476,1.0042378902435303
1477,1.000953197479248
1478,1.000644564628601
1479,1.0016530752182007
1480,1.0022099018096924
1481,1.0023332834243774
1482,1.005540370941162
1483,1.0004879236221313
1484,1.0012826919555664
1485,1.0000593662261963
1486,1.0013799667358398
1487,1.0032680034637451
1488,1.001484751701355
1489,1.0003958940505981
1490,1.0010517835617065
1491,1.0002859830856323
1492,1.0029429197311401
1493,1.0003758668899536
1494,1.0002310276031494
1495,1.001923680305481
1496,1.0027084350585938
1497,1.0020655393600464
1498,1.000126600265503
1499,1.001589059829712
1500,1.000949501991272
1501,1.002802848815918
1502,1.0055980682373047
1503,1.0081205368041992
1504,1.0014938116073608
1505,1.0012791156768799
1506,1.0003235340118408
1507,1.0044145584106445
1508,1.0030707120895386
1509,1.0031700134277344
1510,1.001688838005066
1511,1.0024654865264893
1512,1.0045719146728516
1513,1.0006223917007446
1514,1.0005377531051636
1515,1.0043790340423584
1516,1.0019290447235107
1517,1.0006784200668335
1518,1.000540852546692
1519,1.0000413656234741
1520,1.0017486810684204
1521,1.0012719631195068
1522,1.0038756132125854
1523,1.003514289855957
1524,1.0029206275939941
1525,1.0016443729400635
1526,1.000165343284607
1527,1.0097867250442505
1528,1.0002540349960327
1529,1.0004040002822876
1530,1.0019282102584839
1531,1.0027955770492554
1532,1.0082906484603882
1533,1.001549243927002
1534,1.0032418966293335
1535,1.0000813007354736
1536,1.0010052919387817
1537,1.00300931930542
1538,1.0016224384307861
1539,1.0008641481399536
1540,1.0060625076293945
1541,1.0021613836288452
1542,1.0027287006378174
1543,1.0008352994918823
1544,1.0017406940460205
1545,1.0007967948913574
1546,1.002068042755127
1547,1.0009520053863525
1548,1.0005251169204712
1549,1.0001499652862549
1550,1.0007476806640625
1551,1.000175952911377
1552,1.000157117843628
1553,1.0006680488586426
1554,1.001763105392456
1555,1.0007764101028442
1556,1.0005993843078613
1557,1.0006513595581055
1558,1.0009251832962036
1559,1.0023516416549683
1560,1.0039087533950806
1561,1.0006965398788452
1562,1.0011221170425415
1563,1.0012731552124023
1564,1.0001956224441528
1565,1.000670313835144
1566,1.000402808189392
1567,1.000836968421936
1568,1.000101923942566
1569,1.0016214847564697
1570,1.0004388093948364
1571,1.0003070831298828
1572,1.0011053085327148
1573,1.0006159543991089
1574,1.001743197441101
1575,1.0005851984024048
1576,1.0003117322921753
1577,1.0043375492095947
1578,1.000519871711731
1579,1.00052809715271
1580,1.0005826950073242
1581,1.0015910863876343
1582,1.0003048181533813
1583,1.0002464056015015
1584,1.0027027130126953
1585,1.0013469457626343
1586,1.0009284019470215
1587,1.0008336305618286
1588,1.0011695623397827
1589,1.0001863241195679
1590,1.0012060403823853
1591,1.0009677410125732
1592,1.0042957067489624
1593,1.000160574913025
1594,1.0015650987625122
1595,1.0006681680679321
1596,1.0005898475646973
1597,1.0006532669067383
1598,1.0008703470230103
1599,1.000929355621338
1600,1.0005486011505127
1601,1.0003212690353394
1602,1.0012130737304688
1603,1.0037288665771484
1604,1.0004609823226929
1605,1.0003551244735718
1606,1.0016001462936401
1607,1.0014952421188354
1608,1.0005834102630615
1609,1.0009416341781616
1610,1.0012295246124268
1611,1.0007133483886719
1612,1.00079345703125
1613,1.000556230545044
1614,1.0005117654800415
1615,1.0005706548690796
1616,1.0010639429092407
1617,1.0008491277694702
1618,1.0002893209457397
1619,1.0001074075698853
1620,1.0014053583145142
1621,1.0017024278640747
1622,1.0013800859451294
1623,1.0001802444458008
1624,1.002273440361023
1625,1.0003957748413086
1626,1.0010737180709839
1627,1.0024852752685547
1628,1.0002106428146362
1629,1.0036391019821167
1630,1.0007718801498413
1631,1.0015746355056763
1632,1.0011411905288696
1633,1.0029361248016357
1634,1.0003851652145386
1635,1.0000110864639282
1636,1.0008037090301514
1637,1.0005543231964111
1638,1.0000050067901611
1639,1.0004725456237793
1640,1.0007091760635376
1641,1.0014121532440186
1642,1.0012211799621582
1643,1.000933289527893
1644,1.0002707242965698
1645,1.0013232231140137
1646,1.000483512878418
1647,1.0027750730514526
1648,1.0008938312530518
1649,1.0020753145217896
1650,1.0005018711090088
1651,1.000062108039856
1652,1.0013036727905273
1653,1.0001955032348633
1654,1.0004020929336548
1655,1.0004949569702148
1656,1.0001047849655151
1657,1.000955581665039
1658,1.0001795291900635
1659,1.0012673139572144
1660,1.0003780126571655
1661,1.001097321510315
1662,1.000073790550232
1663,1.0001907348632812
1664,1.0019398927688599
1665,1.0007058382034302
1666,1.0000050067901611
1667,1.0005842447280884
1668,1.0001018047332764
1669,1.0005097389221191
1670,1.0004514455795288
1671,1.000558614730835
1672,1.0016539096832275
1673,1.0003690719604492
1674,1.0002143383026123
1675,1.000220775604248
1676,1.000135898590088
1677,1.0008282661437988
1678,1.000126600265503
1679,1.0004886388778687
1680,1.0008701086044312
1681,1.0006699562072754
1682,1.0001720190048218
1683,1.001159906387329
1684,1.0014467239379883
1685,1.0003293752670288
1686,1.0001434087753296
1687,1.0003918409347534
1688,1.0001518726348877
1689,1.000425934791565
1690,1.0001847743988037
1691,1.0001451969146729
1692,1.0007625818252563
1693,1.0001376867294312
1694,1.000620722770691
1695,1.001038670539856
1696,1.0001018047332764
1697,1.0005909204483032
1698,1.0007981061935425
1699,1.0004770755767822
1700,1.0002193450927734
1701,1.0002143383026123
1702,1.0001288652420044
1703,1.0003870725631714
1704,1.0004509687423706
1705,1.0006473064422607
1706,1.0007479190826416
1707,1.0002976655960083
1708,1.0004441738128662
1709,1.000130534172058
1710,1.0002799034118652
1711,1.0002171993255615
1712,1.0008454322814941
1713,1.002537727355957
1714,1.0049476623535156
1715,1.0007879734039307
1716,1.0006422996520996
1717,1.0010846853256226
1718,1.0011687278747559
1719,1.0019042491912842
1720,1.0000966787338257
1721,1.0017552375793457
1722,1.0006779432296753
1723,1.000620722770691
1724,1.0005066394805908
1725,1.0011811256408691
1726,1.0027036666870117
1727,1.0041255950927734
1728,1.0005229711532593
1729,1.0000824928283691
1730,1.001213550567627
1731,1.0015588998794556
1732,1.0028635263442993
1733,1.0014748573303223
1734,1.0000808238983154
1735,1.0002093315124512
1736,1.0019142627716064
1737,1.0010392665863037
1738,1.0007975101470947
1739,1.000072717666626
1740,1.0001319646835327
1741,1.0008748769760132
1742,1.0023560523986816
1743,1.0008623600006104
1744,1.000097393989563
1745,1.0013328790664673
1746,1.0023510456085205
1747,1.0011318922042847
1748,1.0007283687591553
1749,1.0002681016921997
1750,1.002341866493225
1751,1.0011028051376343
1752,1.0018733739852905
1753,1.0039008855819702
1754,1.0021196603775024
1755,1.0017682313919067
1756,1.001504898071289
1757,1.000436782836914
1758,1.001280665397644
1759,1.0000050067901611
1760,1.002289891242981
1761,1.0004806518554688
1762,1.0003700256347656
1763,1.0006544589996338
1764,1.000346302986145
1765,1.0005404949188232
1766,1.00070321559906
1767,1.000754952430725
1768,1.0008383989334106
1769,1.0011887550354004
1770,1.0008211135864258
1771,1.0009393692016602
1772,1.0020818710327148
1773,1.0005590915679932
1774,1.0026898384094238
1775,1.0008574724197388
1776,1.0013843774795532
1777,1.0021063089370728
1778,1.0009679794311523
1779,1.0001578330993652
1780,1.000159740447998
1781,1.0003741979599
1782,1.000370740890503
1783,1.002676248550415
1784,1.0006712675094604
1785,1.0003914833068848
1786,1.0000274181365967
1787,1.002394199371338
1788,1.0016757249832153
1789,1.0034328699111938
1790,1.0027120113372803
1791,1.0022934675216675
1792,1.002194881439209
1793,1.000164270401001
1794,1.0027449131011963
1795,1.0023547410964966
1796,1.003422737121582
1797,1.0012973546981812
1798,1.0042747259140015
1799,1.0014338493347168
1800,1.001301646232605
1801,1.0003331899642944
1802,1.0000956058502197
1803,1.001039981842041
1804,1.000011920928955
1805,1.0007002353668213
1806,1.0025770664215088
1807,1.0040115118026733
1808,1.0003061294555664
1809,1.0005956888198853
1810,1.002193570137024
1811,1.0009253025054932
1812,1.0006170272827148
1813,1.001880168914795
1814,1.0013351440429688
1815,1.0009124279022217
1816,1.0017971992492676
1817,1.0001142024993896
1818,1.000892162322998
1819,1.0010548830032349
1820,1.0004709959030151
1821,1.0005173683166504
1822,1.0009292364120483
1823,1.0018504858016968
1824,1.0000746250152588
1825,1.0005524158477783
1826,1.0006084442138672
1827,1.0023854970932007
1828,1.0014294385910034
1829,1.0019620656967163
1830,1.0044926404953003
1831,1.0002202987670898
1832,1.0016690492630005
1833,1.0003215074539185
1834,1.0039058923721313
1835,1.0001035928726196
1836,1.0044331550598145
1837,1.0003929138183594
1838,1.000131368637085
1839,1.000819206237793
1840,1.0001146793365479
1841,1.0006530284881592
1842,1.0018903017044067
1843,1.0006111860275269
1844,1.0006176233291626
1845,1.00040602684021
1846,1.0006242990493774
1847,1.0006710290908813
1848,1.000303030014038
1849,1.0014190673828125
1850,1.0035269260406494
1851,1.0015249252319336
1852,1.0024901628494263
1853,1.0003870725631714
1854,1.0009127855300903
1855,1.0001312494277954
1856,1.0035268068313599
1857,1.0054622888565063
1858,1.0002307891845703
1859,1.0020573139190674
1860,1.0013946294784546
1861,1.0010242462158203
1862,1.03292977809906
1863,1.0006757974624634
1864,1.0018364191055298
1865,1.0002415180206299
1866,1.0020081996917725
1867,1.0037593841552734
1868,1.000212550163269
1869,1.0005409717559814
1870,1.0003077983856201
1871,1.00029456615448
1872,1.0000684261322021
1873,1.0037627220153809
1874,1.0002676248550415
1875,1.000180959701538
1876,1.0002830028533936
1877,1.0019201040267944
1878,1.000533938407898
1879,1.0004079341888428
1880,1.0004551410675049
1881,1.0012456178665161
1882,1.0000494718551636
1883,1.000624656677246
1884,1.0000473260879517
1885,1.0000028610229492
1886,1.00021493434906
1887,1.000015377998352
1888,1.0001565217971802
1889,1.000386118888855
1890,1.0009758472442627
1891,1.0000535249710083
1892,1.0000022649765015
1893,1.000516414642334
1894,1.0000578165054321
1895,1.000004768371582
1896,1.0002566576004028
1897,1.0004496574401855
1898,1.000144124031067
1899,1.000045657157898
1900,1.0007290840148926
1901,1.000048279762268
1902,1.0001273155212402
1903,1.000083088874817
1904,1.000746726989746
1905,1.0000560283660889
1906,1.0002095699310303
1907,1.0000611543655396
1908,1.0002304315567017
1909,1.0000964403152466
1910,1.000749945640564
1911,1.0005085468292236
1912,1.0001403093338013
1913,1.0007189512252808
1914,1.0000711679458618
1915,1.0006903409957886
1916,1.000059962272644
1917,1.0002622604370117
1918,1.0010724067687988
1919,1.000038504600525
1920,1.0003759860992432
1921,1.0000518560409546
1922,1.000285267829895
1923,1.0003255605697632
1924,1.0005974769592285
1925,1.000281572341919
1926,1.0003435611724854
1927,1.0003455877304077
1928,1.0006550550460815
1929,1.000281572341919
1930,1.0002186298370361
1931,1.0000022649765015
1932,1.0003896951675415
1933,1.0011136531829834
1934,1.0000476837158203
1935,1.0023726224899292
1936,1.0010063648223877
1937,1.0006059408187866
1938,1.0008964538574219
1939,1.00372314453125
1940,1.0032974481582642
1941,1.0001808404922485
1942,1.0017120838165283
1943,1.0015356540679932
1944,1.000076413154602
1945,1.0001126527786255
1946,1.000118613243103
1947,1.000893473625183
1948,1.000184416770935
1949,1.0011980533599854
1950,1.000792145729065
1951,1.0006420612335205
1952,1.000219464302063
1953,1.0021260976791382
1954,1.0005438327789307
1955,1.0017929077148438
1956,1.001047134399414
1957,1.0002048015594482
1958,1.0003329515457153
1959,1.0002044439315796
1960,1.0013455152511597
1961,1.0003571510314941
1962,1.0007810592651367
1963,1.0014698505401611
1964,1.002074956893921
1965,1.0007380247116089
1966,1.011214256286621
1967,1.0012037754058838
1968,1.0007449388504028
1969,1.000105857849121
1970,1.0010700225830078
1971,1.0006122589111328
1972,1.0007871389389038
1973,1.0011097192764282
1974,1.0000669956207275
1975,1.0010677576065063
1976,1.0002503395080566
1977,1.0013529062271118
1978,1.0009629726409912
1979,1.0008431673049927
1980,1.0006505250930786
1981,1.0001322031021118
1982,1.002670168876648
1983,1.0011391639709473
1984,1.0020973682403564
1985,1.000714659690857
1986,1.0012327432632446
1987,1.0048398971557617
1988,1.0035057067871094
1989,1.0019609928131104
1990,1.0011136531829834
1991,1.0008214712142944
1992,1.0009361505508423
1993,1.0002881288528442
1994,1.0010099411010742
1995,1.002697467803955
1996,1.000733494758606
1997,1.000212550163269
1998,1.0003944635391235
1999,1.0001384019851685
2000,1.0024625062942505
2001,1.0021525621414185
2002,1.0000361204147339
2003,1.002724289894104
2004,1.0003901720046997
2005,1.0022451877593994
2006,1.0004189014434814
2007,1.000209927558899
2008,1.0010085105895996
2009,1.0015312433242798
2010,1.001853585243225
2011,1.0001957416534424
2012,1.0006043910980225
2013,1.0006940364837646
2014,1.0013939142227173
2015,1.0010687112808228
2016,1.0007129907608032
2017,1.0006799697875977
2018,1.001251220703125
2019,1.0014680624008179
2020,1.0020455121994019
2021,1.001340627670288
2022,1.000562071800232
2023,1.0001208782196045
2024,1.0004481077194214
2025,1.0006651878356934
2026,1.0004003047943115
2027,1.0016968250274658
2028,1.0024619102478027
2029,1.0019441843032837
2030,1.0013093948364258
2031,1.0005372762680054
2032,1.0025051832199097
2033,1.003672480583191
2034,1.0010234117507935
2035,1.0014976263046265
2036,1.0012576580047607
2037,1.0011762380599976
2038,1.0019046068191528
2039,1.0008805990219116
2040,1.0002591609954834
2041,1.0005979537963867
2042,1.0012186765670776
2043,1.0020017623901367
2044,1.0009253025054932
2045,1.0005667209625244
2046,1.0000883340835571
2047,1.000889778137207
2048,1.0016578435897827
2049,1.0002959966659546
2050,1.000321388244629
2051,1.0002237558364868
2052,1.0002119541168213
2053,1.001082420349121
2054,1.0007966756820679
2055,1.000860333442688
2056,1.0003553628921509
2057,1.0001729726791382
2058,1.000262975692749
2059,1.0000070333480835
2060,1.00029718875885
2061,1.0000261068344116
2062,1.0001254081726074
2063,1.0001410245895386
2064,1.0002893209457397
2065,1.0001481771469116
2066,1.000572681427002
2067,1.0000070333480835
2068,1.0002503395080566
2069,1.0000085830688477
2070,1.0008457899093628
2071,1.0003101825714111
2072,1.0008363723754883
2073,1.000074863433838
2074,1.0003632307052612
2075,1.0002694129943848
2076,1.0003857612609863
2077,1.000369906425476
2078,1.000885248184204
2079,1.0001858472824097
2080,1.0011450052261353
2081,1.0002042055130005
2082,1.0010607242584229
2083,1.000357985496521
2084,1.0001972913742065
2085,1.0002859830856323
2086,1.0001142024993896
2087,1.0003355741500854
2088,1.0005139112472534
2089,1.0005543231964111
2090,1.0033798217773438
2091,1.0002228021621704
2092,1.0003844499588013
2093,1.000303030014038
2094,1.0004268884658813
2095,1.0021942853927612
2096,1.0026730298995972
2097,1.0002230405807495
2098,1.0014054775238037
2099,1.000113606452942
2100,1.0001074075698853
2101,1.0001084804534912
2102,1.000664472579956
2103,1.00130295753479
2104,1.0017504692077637
2105,1.0026640892028809
2106,1.001503825187683
2107,1.0010026693344116
2108,1.000712513923645
2109,1.0004652738571167
2110,1.0002326965332031
2111,1.0022190809249878
2112,1.003372311592102
2113,1.0002402067184448
2114,1.0014822483062744
2115,1.0008615255355835
2116,1.0010757446289062
2117,1.0009866952896118
2118,1.000885009765625
2119,1.001415491104126
2120,1.0008678436279297
2121,1.0009572505950928
2122,1.0003607273101807
2123,1.001623272895813
2124,1.0014100074768066
2125,1.000295639038086
2126,1.0022379159927368
2127,1.0005145072937012
2128,1.000259518623352
2129,1.001997709274292
2130,1.0061366558074951
2131,1.0003917217254639
2132,1.0017979145050049
2133,1.0001755952835083
2134,1.0013294219970703
2135,1.004420280456543
2136,1.0008665323257446
2137,1.0000544786453247
2138,1.0000394582748413
2139,1.0042341947555542
2140,1.0001777410507202
2141,1.00006103515625
2142,1.0000110864639282
2143,1.0007972717285156
2144,1.0009280443191528
2145,1.0046483278274536
2146,1.0004457235336304
2147,1.0003639459609985
2148,1.0008231401443481
2149,1.0009732246398926
2150,1.0008962154388428
2151,1.0008524656295776
2152,1.0027977228164673
2153,1.0024070739746094
2154,1.0009669065475464
2155,1.0012075901031494
2156,1.0011335611343384
2157,1.0016541481018066
2158,1.0000767707824707
2159,1.0010391473770142
2160,1.000828742980957
2161,1.0008188486099243
2162,1.0014681816101074
2163,1.0003559589385986
2164,1.000877857208252
2165,1.0001221895217896
2166,1.0000561475753784
2167,1.0001170635223389
2168,1.001245379447937
2169,1.0005159378051758
2170,1.0003399848937988
2171,1.00188148021698
2172,1.001303791999817
2173,1.0002055168151855
2174,1.0003199577331543
2175,1.002358317375183
2176,1.002500295639038
2177,1.000173568725586
2178,1.0013813972473145
2179,1.0022562742233276
2180,1.000440001487732
2181,1.002441167831421
2182,1.0030629634857178
2183,1.00112783908844
2184,1.001876711845398
2185,1.0016251802444458
2186,1.0003787279129028
2187,1.0000556707382202
2188,1.0014880895614624
2189,1.0005964040756226
2190,1.0004044771194458
2191,1.0022733211517334
2192,1.0018280744552612
2193,1.0024265050888062
2194,1.001128077507019
2195,1.0000786781311035
2196,1.0023216009140015
2197,1.002638816833496
2198,1.0013699531555176
2199,1.0007158517837524
2200,1.000588297843933
2201,1.0015572309494019
2202,1.0010195970535278
2203,1.0037275552749634
2204,1.0003827810287476
2205,1.0004945993423462
2206,1.0011661052703857
2207,1.0003976821899414
2208,1.0004737377166748
2209,1.0000452995300293
2210,1.0000512599945068
2211,1.0041004419326782
2212,1.0003857612609863
2213,1.0009580850601196
2214,1.0020536184310913
2215,1.0001529455184937
2216,1.0003618001937866
2217,1.0000603199005127
2218,1.0008758306503296
2219,1.0003196001052856
2220,1.0007777214050293
2221,1.0001747608184814
2222,1.000598669052124
2223,1.0004363059997559
2224,1.001011610031128
2225,1.0005841255187988
2226,1.0004154443740845
2227,1.0005544424057007
2228,1.0009249448776245
2229,1.000428318977356
2230,1.0012761354446411
2231,1.0008443593978882
2232,1.0003167390823364
2233,1.0007147789001465
2234,1.0006866455078125
2235,1.0039311647415161
2236,1.0028347969055176
2237,1.000736951828003
2238,1.0069327354431152
2239,1.0022917985916138
2240,1.0004074573516846
2241,1.000171184539795
2242,1.0005955696105957
2243,1.0013092756271362
2244,1.001212239265442
2245,1.0071102380752563
2246,1.0005991458892822
2247,1.001096248626709
2248,1.0078946352005005
2249,1.0075675249099731
2250,1.0002681016921997
2251,1.0002480745315552
2252,1.001570224761963
2253,1.0068081617355347
2254,1.0002107620239258
2255,1.0012074708938599
2256,1.0030944347381592
2257,1.0010660886764526
2258,1.0001062154769897
2259,1.000262975692749
2260,1.0003525018692017
2261,1.0039666891098022
2262,1.0063893795013428
2263,1.0011355876922607
2264,1.0004384517669678
2265,1.0007212162017822
2266,1.0004521608352661
2267,1.0004558563232422
2268,1.0009024143218994
2269,1.001458764076233
2270,1.0001757144927979
2271,1.0025458335876465
2272,1.0008435249328613
2273,1.0004029273986816
2274,1.000159740447998
2275,1.0007388591766357
2276,1.002877950668335
2277,1.0006253719329834
2278,1.0005314350128174
2279,1.001294732093811
2280,1.0017286539077759
2281,1.0014408826828003
2282,1.000369906425476
2283,1.0015250444412231
2284,1.001821756362915
2285,1.000763177871704
2286,1.0001815557479858
2287,1.000134825706482
2288,1.0018625259399414
2289,1.0010631084442139
2290,1.0003644227981567
2291,1.0003083944320679
2292,1.0010322332382202
2293,1.0006687641143799
2294,1.0011621713638306
2295,1.0020219087600708
2296,1.0002493858337402
2297,1.001713752746582
2298,1.0002295970916748
2299,1.0005263090133667
2300,1.000797986984253
2301,1.001955509185791
2302,1.0005278587341309
2303,1.0003302097320557
2304,1.0001641511917114
2305,1.0007184743881226
2306,1.0007741451263428
2307,1.0016270875930786
2308,1.0033886432647705
2309,1.0007587671279907
2310,1.0022287368774414
2311,1.0014134645462036
2312,1.001899242401123
2313,1.000505805015564
2314,1.0014489889144897
2315,1.0004445314407349
2316,1.0008059740066528
2317,1.0013296604156494
2318,1.0001543760299683
2319,1.0001810789108276
2320,1.0008114576339722
2321,1.0012242794036865
2322,1.0001529455184937
2323,1.001387357711792
2324,1.0002496242523193
2325,1.0009514093399048
2326,1.004849910736084
2327,1.0011048316955566
2328,1.0021671056747437
2329,1.0009115934371948
2330,1.0043926239013672
2331,1.0015170574188232
2332,1.0002007484436035
2333,1.0033506155014038
2334,1.0010716915130615
2335,1.0002458095550537
2336,1.0009822845458984
2337,1.0007283687591553
2338,1.000502586364746
2339,1.00037682056427
2340,1.0055127143859863
2341,1.0004793405532837
2342,1.0004202127456665
2343,1.001017451286316
2344,1.000156283378601
2345,1.0018547773361206
2346,1.0009479522705078
2347,1.000941514968872
2348,1.0002237558364868
2349,1.00180983543396
2350,1.0019347667694092
2351,1.0036646127700806
2352,1.0023198127746582
2353,1.0001689195632935
2354,1.0025913715362549
2355,1.004087209701538
2356,1.0007717609405518
2357,1.0002418756484985
2358,1.0016840696334839
2359,1.0017198324203491
2360,1.0002198219299316
2361,1.00003182888031
2362,1.0005723237991333
2363,1.0011684894561768
2364,1.0025945901870728
2365,1.0007538795471191
2366,1.0005320310592651
2367,1.0000849962234497
2368,1.000465989112854
2369,1.0030481815338135
2370,1.0023549795150757
2371,1.004794955253601
2372,1.0018216371536255
2373,1.0000966787338257
2374,1.0017634630203247
2375,1.0019497871398926
2376,1.000547170639038
2377,1.0003514289855957
2378,1.0001572370529175
2379,1.0014070272445679
2380,1.0007364749908447
2381,1.0019490718841553
2382,1.0026509761810303
2383,1.0040652751922607
2384,1.0010387897491455
2385,1.0002212524414062
2386,1.0003855228424072
2387,1.0037813186645508
2388,1.0008305311203003
2389,1.0009011030197144
2390,1.0000722408294678
2391,1.0001474618911743
2392,1.0004639625549316
2393,1.0007251501083374
2394,1.0000180006027222
2395,1.000227451324463
2396,1.0003693103790283
2397,1.0004260540008545
2398,1.0000615119934082
2399,1.0010321140289307
2400,1.0016932487487793
2401,1.001248836517334
2402,1.0000615119934082
2403,1.0005840063095093
2404,1.000320553779602
2405,1.000218391418457
2406,1.0000615119934082
2407,1.0021685361862183
2408,1.002406358718872
2409,1.000398874282837
2410,1.0008747577667236
2411,1.0001006126403809
2412,1.0005357265472412
2413,1.001150369644165
2414,1.0000516176223755
2415,1.0001927614212036
2416,1.000291109085083
2417,1.0011560916900635
2418,1.0016111135482788
2419,1.0004223585128784
2420,1.0010402202606201
2421,1.0010181665420532
2422,1.0011348724365234
2423,1.000387191772461
2424,1.0017366409301758
2425,1.001319169998169
2426,1.0015357732772827
2427,1.0007390975952148
2428,1.0013951063156128
2429,1.0004991292953491
2430,1.0005099773406982
2431,1.0005208253860474
2432,1.000942587852478
2433,1.00017249584198
2434,1.0004404783248901
2435,1.0004384517669678
2436,1.0003694295883179
2437,1.0005338191986084
2438,1.0021988153457642
2439,1.0000303983688354
2440,1.000959038734436
2441,1.000006914138794
2442,1.0000245571136475
2443,1.0020909309387207
2444,1.0000050067901611
2445,1.0013000965118408
2446,1.0008726119995117
2447,1.001122236251831
2448,1.0001264810562134
2449,1.0017732381820679
2450,1.0014901161193848
2451,1.0007253885269165
2452,1.0024428367614746
2453,1.0003678798675537
2454,1.0037482976913452
2455,1.0023013353347778
2456,1.0001670122146606
2457,1.0011348724365234
2458,1.0003430843353271
2459,1.0006992816925049
2460,1.0000520944595337
2461,1.0001626014709473
2462,1.001356840133667
2463,1.0018945932388306
2464,1.000746488571167
2465,1.0011342763900757
2466,1.0009045600891113
2467,1.0000956058502197
2468,1.0019893646240234
2469,1.0012067556381226
2470,1.000465750694275
2471,1.0019984245300293
2472,1.0014338493347168
2473,1.0009181499481201
2474,1.000159740447998
2475,1.0092246532440186
2476,1.0020440816879272
2477,1.0013930797576904
2478,1.0031243562698364
2479,1.001317024230957
2480,1.0009459257125854
2481,1.0095537900924683
2482,1.00057053565979
2483,1.0004764795303345
2484,1.0023235082626343
2485,1.0051802396774292
2486,1.0007771253585815
2487,1.0028398036956787
2488,1.0014667510986328
2489,1.0021532773971558
2490,1.0057114362716675
2491,1.0002727508544922
2492,1.001317024230957
2493,1.000840663909912
2494,1.0006369352340698
2495,1.0001678466796875
2496,1.001413345336914
2497,1.0032488107681274
2498,1.0017317533493042
2499,1.001205563545227
2500,1.0027481317520142
2501,1.0026408433914185
2502,1.0022116899490356
2503,1.0004993677139282
2504,1.0006530284881592
2505,1.0003066062927246
2506,1.0017409324645996
2507,1.0017322301864624
2508,1.0026289224624634
2509,1.0021353960037231
2510,1.0017565488815308
2511,1.0007151365280151
2512,1.0011906623840332
2513,1.000335454940796
2514,1.000362753868103
2515,1.0011106729507446
2516,1.0017597675323486
2517,1.0003384351730347
2518,1.0030937194824219
2519,1.00139582157135
2520,1.0010030269622803
2521,1.0001871585845947
2522,1.0002853870391846
2523,1.0007436275482178
2524,1.0035234689712524
2525,1.0005916357040405
2526,1.0061540603637695
2527,1.0017995834350586
2528,1.0003067255020142
2529,1.001127004623413
2530,1.0019128322601318
2531,1.0011347532272339
2532,1.0013368129730225
2533,1.0006213188171387
2534,1.0004159212112427
2535,1.0003246068954468
2536,1.0003602504730225
2537,1.000894546508789
2538,1.0027122497558594
2539,1.001046895980835
2540,1.002136468887329
2541,1.0023109912872314
2542,1.0005671977996826
2543,1.000532865524292
2544,1.0006496906280518
2545,1.0000903606414795
2546,1.0001569986343384
2547,1.0002152919769287
2548,1.0003026723861694
2549,1.0005385875701904
2550,1.0001564025878906
2551,1.000562071800232
2552,1.0011086463928223
2553,1.0025893449783325
2554,1.0008875131607056
2555,1.0001945495605469
2556,1.0020642280578613
2557,1.0005255937576294
2558,1.0010685920715332
2559,1.0019829273223877
2560,1.0006470680236816
2561,1.0006780624389648
2562,1.0013655424118042
2563,1.0025086402893066
2564,1.0008516311645508
2565,1.0009076595306396
2566,1.0013929605484009
2567,1.001694917678833
2568,1.001318097114563
2569,1.0001636743545532
2570,1.000587821006775
2571,1.0034716129302979
2572,1.0001903772354126
2573,1.0011225938796997
2574,1.0013304948806763
2575,1.0010548830032349
2576,1.0010929107666016
2577,1.0017839670181274
2578,1.0010833740234375
2579,1.0026143789291382
2580,1.000006079673767
2581,1.0018078088760376
2582,1.0040147304534912
2583,1.000954508781433
2584,1.0000317096710205
2585,1.0000263452529907
2586,1.0007447004318237
2587,1.0007774829864502
2588,1.0001466274261475
2589,1.0002646446228027
2590,1.0027576684951782
2591,1.0004745721817017
2592,1.0006427764892578
2593,1.0012608766555786
2594,1.0008811950683594
2595,1.0018582344055176
2596,1.0009584426879883
2597,1.0010731220245361
2598,1.000839114189148
2599,1.0002238750457764
2600,1.0007727146148682
2601,1.0007495880126953
2602,1.0001827478408813
2603,1.0002670288085938
2604,1.0038410425186157
2605,1.0008527040481567
2606,1.0022681951522827
2607,1.000956416130066
2608,1.0006221532821655
2609,1.0002660751342773
2610,1.0024151802062988
2611,1.001909852027893
2612,1.0021296739578247
2613,1.0020300149917603
2614,1.001519799232483
2615,1.0012924671173096
2616,1.0008046627044678
2617,1.0002002716064453
2618,1.0029162168502808
2619,1.0011255741119385
2620,1.0006599426269531
2621,1.000590205192566
2622,1.0002892017364502
2623,1.0018268823623657
2624,1.0009900331497192
2625,1.0028008222579956
2626,1.0006194114685059
2627,1.0005853176116943
2628,1.0024994611740112
2629,1.0006887912750244
2630,1.0009657144546509
2631,1.0037927627563477
2632,1.0000314712524414
2633,1.001214623451233
2634,1.0009814500808716
2635,1.001607894897461
2636,1.0002895593643188
2637,1.0007071495056152
2638,1.0001569986343384
2639,1.0008865594863892
2640,1.0069464445114136
2641,1.000526785850525
2642,1.0001858472824097
2643,1.0021480321884155
2644,1.001717448234558
2645,1.0051462650299072
2646,1.0023113489151
2647,1.0003292560577393
2648,1.0034853219985962
2649,1.0037895441055298
2650,1.000425934791565
2651,1.001641869544983
2652,1.0004140138626099
2653,1.0006983280181885
2654,1.0012638568878174
2655,1.0007330179214478
2656,1.0007566213607788
2657,1.000696063041687
2658,1.0021411180496216
2659,1.0001335144042969
2660,1.0009405612945557
2661,1.0015625953674316
2662,1.000317931175232
2663,1.0000766515731812
2664,1.0004702806472778
2665,1.0003172159194946
2666,1.0003252029418945
2667,1.0001733303070068
2668,1.000778079032898
2669,1.0000567436218262
2670,1.0002717971801758
2671,1.0035027265548706
2672,1.0005698204040527
2673,1.0025676488876343
2674,1.0065240859985352
2675,1.0004432201385498
2676,1.0033341646194458
2677,1.0000346899032593
2678,1.0028810501098633
2679,1.001655101776123
2680,1.002498745918274
2681,1.0002235174179077
2682,1.001231074333191
2683,1.0004446506500244
2684,1.0002641677856445
2685,1.0029637813568115
2686,1.0004103183746338
2687,1.0000728368759155
2688,1.002136468887329
2689,1.0004563331604004
2690,1.0000382661819458
2691,1.0000478029251099
2692,1.0007081031799316
2693,1.0006510019302368
2694,1.0002882480621338
2695,1.0001026391983032
2696,1.0007468461990356
2697,1.0000990629196167
2698,1.0017768144607544
2699,1.0014463663101196
2700,1.0006072521209717
2701,1.0000231266021729
2702,1.0009621381759644
2703,1.0000845193862915
2704,1.000206708908081
2705,1.0005073547363281
2706,1.0009310245513916
2707,1.0000561475753784
2708,1.0030018091201782
2709,1.0012617111206055
2710,1.000680685043335
2711,1.0010218620300293
2712,1.0015612840652466
2713,1.0001040697097778
2714,1.0011553764343262
2715,1.0002655982971191
2716,1.0000125169754028
2717,1.0011705160140991
2718,1.0015645027160645
2719,1.0012942552566528
2720,1.0050581693649292
2721,1.000146746635437
2722,1.0037773847579956
2723,1.0022985935211182
2724,1.0006442070007324
2725,1.0002738237380981
2726,1.0029222965240479
2727,1.0004574060440063
2728,1.0000578165054321
2729,1.0008540153503418
2730,1.000194787979126
2731,1.0005956888198853
2732,1.0002301931381226
2733,1.000504970550537
2734,1.0036249160766602
2735,1.0021917819976807
2736,1.0007826089859009
2737,1.0001424551010132
2738,1.0003491640090942
2739,1.0038020610809326
2740,1.0020322799682617
2741,1.0005099773406982
2742,1.0015720129013062
2743,1.0020664930343628
2744,1.001705527305603
2745,1.0021331310272217
2746,1.0013707876205444
2747,1.0007059574127197
2748,1.0000423192977905
2749,1.0010346174240112
2750,1.0007356405258179
2751,1.0002071857452393
2752,1.0006505250930786
2753,1.0008065700531006
2754,1.0013130903244019
2755,1.0044865608215332
2756,1.0017324686050415
2757,1.0024412870407104
2758,1.002758264541626
2759,1.0024676322937012
2760,1.0015937089920044
2761,1.001678705215454
2762,1.0145503282546997
2763,1.0001885890960693
2764,1.0013935565948486
2765,1.0008783340454102
2766,1.0005649328231812
2767,1.0009307861328125
2768,1.0011637210845947
2769,1.0002943277359009
2770,1.000476598739624
2771,1.000508427619934
2772,1.0006617307662964
2773,1.0022132396697998
2774,1.0001802444458008
2775,1.0000495910644531
2776,1.002234935760498
2777,1.0012942552566528
2778,1.0008094310760498
2779,1.0002508163452148
2780,1.0006940364837646
2781,1.0063854455947876
2782,1.0012807846069336
2783,1.001235842704773
2784,1.0003235340118408
2785,1.0039267539978027
2786,1.001578450202942
2787,1.0012649297714233
2788,1.0007634162902832
2789,1.00081205368042
2790,1.0010672807693481
2791,1.0049183368682861
2792,1.0014005899429321
2793,1.0016709566116333
2794,1.002256155014038
2795,1.0009173154830933
2796,1.0005104541778564
2797,1.0001024007797241
2798,1.0010955333709717
2799,1.0001188516616821
2800,1.0000965595245361
2801,1.0000056028366089
2802,1.000593662261963
2803,1.000130534172058
2804,1.0005545616149902
2805,1.0009702444076538
2806,1.0008461475372314
2807,1.0002129077911377
2808,1.0008299350738525
2809,1.000503420829773
2810,1.0012882947921753
2811,1.0010747909545898
2812,1.000561237335205
2813,1.002366065979004
2814,1.0021228790283203
2815,1.001591444015503
2816,1.0020005702972412
2817,1.00127375125885
2818,1.0089045763015747
2819,1.0034875869750977
2820,1.0024471282958984
2821,1.0009045600891113
2822,1.0004156827926636
2823,1.0007256269454956
2824,1.0010960102081299
2825,1.0011521577835083
2826,1.000066876411438
2827,1.0068668127059937
2828,1.000172734260559
2829,1.0013965368270874
2830,1.0009446144104004
2831,1.0033286809921265
2832,1.000252604484558
2833,1.0003807544708252
2834,1.000135898590088
2835,1.0023325681686401
2836,1.000772476196289
2837,1.0024030208587646
2838,1.0009045600891113
2839,1.0011602640151978
2840,1.0004558563232422
2841,1.0025691986083984
2842,1.0009733438491821
2843,1.003693699836731
2844,1.000901460647583
2845,1.0011568069458008
2846,1.000295639038086
2847,1.004463791847229
2848,1.0017125606536865
2849,1.000360131263733
2850,1.001254916191101
2851,1.0004042387008667
2852,1.0001940727233887
2853,1.0003455877304077
2854,1.000780463218689
2855,1.0009998083114624
2856,1.0025348663330078
2857,1.0010617971420288
2858,1.0003838539123535
2859,1.001375436782837
2860,1.0009058713912964
2861,1.0003069639205933
2862,1.0009748935699463
2863,1.0000548362731934
2864,1.0002731084823608
2865,1.000420331954956
2866,1.000390887260437
2867,1.0004125833511353
2868,1.0005489587783813
2869,1.0011279582977295
2870,1.0012940168380737
2871,1.0011647939682007
2872,1.0002779960632324
2873,1.0001671314239502
2874,1.0003503561019897
2875,1.001127004623413
2876,1.0001673698425293
2877,1.0006760358810425
2878,1.0013798475265503
2879,1.0025453567504883
2880,1.0014653205871582
2881,1.000342845916748
2882,1.002989411354065
2883,1.0005011558532715
2884,1.004492163658142
2885,1.0005877017974854
2886,1.0002448558807373
2887,1.0003293752670288
2888,1.0022417306900024
2889,1.0003665685653687
2890,1.0004204511642456
2891,1.001502275466919
2892,1.0015908479690552
2893,1.0026423931121826
2894,1.0020349025726318
2895,1.0011563301086426
2896,1.00086510181427
2897,1.0009708404541016
2898,1.0013576745986938
2899,1.00055730342865
2900,1.0006859302520752
2901,1.000430941581726
2902,1.000876784324646
2903,1.0010496377944946
2904,1.0008355379104614
2905,1.000447154045105
2906,1.0013595819473267
2907,1.0170576572418213
2908,1.000169277191162
2909,1.0014113187789917
2910,1.0012831687927246
2911,1.002799153327942
2912,1.0007091760635376
2913,1.0002920627593994
2914,1.013823390007019
2915,1.00108003616333
2916,1.0005096197128296
2917,1.003230094909668
2918,1.0072412490844727
2919,1.001055121421814
2920,1.0016125440597534
2921,1.0013319253921509
2922,1.003004789352417
2923,1.0004416704177856
2924,1.000481367111206
2925,1.000878930091858
2926,1.0002591609954834
2927,1.000259518623352
2928,1.0006566047668457
2929,1.0011863708496094
2930,1.0005688667297363
2931,1.000382661819458
2932,1.0179004669189453
2933,1.0006564855575562
2934,1.0176312923431396
2935,1.0007002353668213
2936,1.0005583763122559
2937,1.0000319480895996
2938,1.000443935394287
2939,1.000163197517395
2940,1.0009064674377441
2941,1.0006309747695923
2942,1.0024718046188354
2943,1.000184416770935
2944,1.0005426406860352
2945,1.0000616312026978
2946,1.000450611114502
2947,1.0019996166229248
2948,1.0024144649505615
2949,1.0009135007858276
2950,1.0005042552947998
2951,1.0012967586517334
2952,1.0014461278915405
2953,1.0037966966629028
2954,1.0058581829071045
2955,1.0020520687103271
2956,1.0009127855300903
2957,1.0031213760375977
2958,1.0031660795211792
2959,1.0065261125564575
2960,1.003738284111023
2961,1.0014302730560303
2962,1.001021385192871
2963,1.002650260925293
2964,1.0003942251205444
2965,1.0004583597183228
2966,1.0010310411453247
2967,1.0007531642913818
2968,1.0019633769989014
2969,1.0040838718414307
2970,1.001152753829956
2971,1.0012104511260986
2972,1.00101900100708
2973,1.0004607439041138
2974,1.0002405643463135
2975,1.0048909187316895
2976,1.0003942251205444
2977,1.000670313835144
2978,1.0547579526901245
2979,1.0011913776397705
2980,1.0551905632019043
2981,1.0541276931762695
2982,1.0008512735366821
2983,1.052864670753479
2984,1.0019607543945312
2985,1.00117826461792
2986,1.0671987533569336
2987,1.0542609691619873
2988,1.0013235807418823
2989,1.0011470317840576
2990,1.0007967948913574
2991,1.0557039976119995
2992,1.0020411014556885
2993,1.0009100437164307
2994,1.00276780128479
2995,1.0538581609725952
2996,1.0001987218856812
2997,1.0007025003433228
2998,1.0005528926849365
2999,1.00117826461792
3000,1.000410795211792
3001,1.0026524066925049
3002,1.0012205839157104
3003,1.0532761812210083
3004,1.0531541109085083
3005,1.0535879135131836
3006,1.000522494316101
3007,1.0554274320602417
3008,1.0002492666244507
3009,1.0562336444854736
3010,1.0032883882522583
3011,1.001747488975525
3012,1.0006645917892456
3013,1.0017224550247192
3014,1.0024869441986084
3015,1.0553768873214722
3016,1.0532200336456299
3017,1.0552620887756348
3018,1.0544239282608032
3019,1.000423789024353
3020,1.0547161102294922
3021,1.0005184412002563
3022,1.0002602338790894
3023,1.0032386779785156
3024,1.0000661611557007
3025,1.0547006130218506
3026,1.0012893676757812
3027,1.0044159889221191
3028,1.0554606914520264
3029,1.0535976886749268
3030,1.000127911567688
3031,1.0001288652420044
3032,1.0001919269561768
3033,1.0005377531051636
3034,1.0004748106002808
3035,1.0004959106445312
3036,1.0004481077194214
3037,1.001076579093933
3038,1.0004551410675049
3039,1.000170111656189
3040,1.0032626390457153
3041,1.0005640983581543
3042,1.001562476158142
3043,1.0001574754714966
3044,1.0018266439437866
3045,1.0017766952514648
3046,1.0008511543273926
3047,1.0012882947921753
3048,1.0000851154327393
3049,1.0015971660614014
3050,1.0015755891799927
3051,1.004804253578186
3052,1.0012823343276978
3053,1.0006611347198486
3054,1.0019428730010986
3055,1.0005357265472412
3056,1.0021142959594727
3057,1.0006057024002075
3058,1.003431797027588
3059,1.001341700553894
3060,1.0020389556884766
3061,1.0013407468795776
3062,1.0024734735488892
3063,1.0002095699310303
3064,1.0006604194641113
3065,1.0031832456588745
3066,1.001271367073059
3067,1.0021746158599854
3068,1.0034137964248657
3069,1.0025368928909302
3070,1.0024571418762207
3071,1.001707673072815
3072,1.000536561012268
3073,1.0013209581375122
3074,1.000765085220337
3075,1.001203179359436
3076,1.004077672958374
3077,1.0007209777832031
3078,1.0009615421295166
3079,1.0018911361694336
3080,1.0011038780212402
3081,1.0020164251327515
3082,1.004632592201233
3083,1.0021564960479736
3084,1.00296151638031
3085,1.0007859468460083
3086,1.0018929243087769
3087,1.001997709274292
3088,1.0000395774841309
3089,1.0008611679077148
3090,1.001596450805664
3091,1.0006260871887207
3092,1.0008634328842163
3093,1.0012376308441162
3094,1.0001468658447266
3095,1.0014724731445312
3096,1.0019199848175049
3097,1.0013185739517212
3098,1.0152807235717773
3099,1.0007798671722412
3100,1.0006403923034668
3101,1.0026785135269165
3102,1.0006628036499023
3103,1.002495527267456
3104,1.0007638931274414
3105,1.0012094974517822
3106,1.0004677772521973
3107,1.0007894039154053
3108,1.0028318166732788
3109,1.003980040550232
3110,1.001151204109192
3111,1.0015748739242554
3112,1.0005630254745483
3113,1.0026452541351318
3114,1.0000085830688477
3115,1.0013164281845093
3116,1.000596284866333
3117,1.0008097887039185
3118,1.0002362728118896
3119,1.0015381574630737
3120,1.000567078590393
3121,1.0004626512527466
3122,1.0004594326019287
3123,1.0027861595153809
3124,1.0006022453308105
3125,1.0016238689422607
3126,1.0014989376068115
3127,1.0022746324539185
3128,1.000172734260559
3129,1.0001100301742554
3130,1.0001412630081177
3131,1.0033096075057983
3132,1.0002622604370117
3133,1.0016570091247559
3134,1.000467300415039
3135,1.000458002090454
3136,1.0019211769104004
3137,1.001901388168335
3138,1.0010201930999756
3139,1.0006405115127563
3140,1.0004764795303345
3141,1.0015164613723755
3142,1.0010507106781006
3143,1.001771092414856
3144,1.000385046005249
3145,1.0019128322601318
3146,1.0004770755767822
3147,1.0002120733261108
3148,1.0007094144821167
3149,1.0000767707824707
3150,1.000619649887085
3151,1.0006144046783447
3152,1.0006343126296997
3153,1.000346064567566
3154,1.001789927482605
3155,1.0013750791549683
3156,1.002152919769287
3157,1.0012212991714478
3158,1.0085740089416504
3159,1.0010271072387695
3160,1.00016450881958
3161,1.0005178451538086
3162,1.0011030435562134
3163,1.0044115781784058
3164,1.0026493072509766
3165,1.0001134872436523
3166,1.0002809762954712
3167,1.0050442218780518
3168,1.002381443977356
3169,1.0020190477371216
3170,1.000541090965271
3171,1.0009570121765137
3172,1.0009247064590454
3173,1.0003461837768555
3174,1.0014050006866455
3175,1.0011638402938843
3176,1.0008679628372192
3177,1.0006494522094727
3178,1.0019019842147827
3179,1.000449299812317
3180,1.0014972686767578
3181,1.0013418197631836
3182,1.002059817314148
3183,1.0007404088974
3184,1.002082109451294
3185,1.0010638236999512
3186,1.0009232759475708
3187,1.0003719329833984
3188,1.0018845796585083
3189,1.0001779794692993
3190,1.0001530647277832
3191,1.0006260871887207
3192,1.0001575946807861
3193,1.000937581062317
3194,1.0003880262374878
3195,1.0011091232299805
3196,1.000271201133728
3197,1.000281810760498
3198,1.0002998113632202
3199,1.0006502866744995
3200,1.000985026359558
3201,1.0024031400680542
3202,1.0001977682113647
3203,1.0001707077026367
3204,1.0004829168319702
3205,1.0005053281784058
3206,1.0002665519714355
3207,1.0004606246948242
3208,1.0011520385742188
3209,1.00606369972229
3210,1.0013011693954468
3211,1.0018914937973022
3212,1.0026812553405762
3213,1.001435399055481
3214,1.0006860494613647
3215,1.0014276504516602
3216,1.0013327598571777
3217,1.002991795539856
3218,1.0002377033233643
3219,1.0025111436843872
3220,1.001302719116211
3221,1.0008927583694458
3222,1.0017026662826538
3223,1.0006834268569946
3224,1.0010290145874023
3225,1.0026769638061523
3226,1.0025887489318848
3227,1.0021336078643799
3228,1.010944128036499
3229,1.009633183479309
3230,1.0015863180160522
3231,1.001993179321289
3232,1.0037052631378174
3233,1.0012434720993042
3234,1.002198338508606
3235,1.0018848180770874
3236,1.0007399320602417
3237,1.0013881921768188
3238,1.0006862878799438
3239,1.0026953220367432
3240,1.0008800029754639
3241,1.0015344619750977
3242,1.0006468296051025
3243,1.0030508041381836
3244,1.0012192726135254
3245,1.0022093057632446
3246,1.0013805627822876
3247,1.0002113580703735
3248,1.0005316734313965
3249,1.0026476383209229
3250,1.0037070512771606
3251,1.000008225440979
3252,1.000555157661438
3253,1.0021299123764038
3254,1.0004464387893677
3255,1.0007213354110718
3256,1.001455545425415
3257,1.0010048151016235
3258,1.0005266666412354
3259,1.0009175539016724
3260,1.0009175539016724
3261,1.0003496408462524
3262,1.0001089572906494
3263,1.001169204711914
3264,1.0002774000167847
3265,1.0004618167877197
3266,1.0028173923492432
3267,1.0001200437545776
3268,1.0023577213287354
3269,1.001300573348999
3270,1.001659631729126
3271,1.0011767148971558
3272,1.0008368492126465
3273,1.0004359483718872
3274,1.0004808902740479
3275,1.0036253929138184
3276,1.0003817081451416
3277,1.0012426376342773
3278,1.00101900100708
3279,1.000731110572815
3280,1.000492811203003
3281,1.000281810760498
3282,1.0013785362243652
3283,1.0000131130218506
3284,1.0000351667404175
3285,1.000186562538147
3286,1.000316858291626
3287,1.0003352165222168
3288,1.0000989437103271
3289,1.0036152601242065
3290,1.000931978225708
3291,1.0016639232635498
3292,1.0029219388961792
3293,1.003065586090088
3294,1.0005306005477905
3295,1.0013383626937866
3296,1.0001153945922852
3297,1.0013782978057861
3298,1.0004736185073853
3299,1.0007418394088745
3300,1.000622034072876
3301,1.003003478050232
3302,1.002198576927185
3303,1.002704381942749
3304,1.0013971328735352
3305,1.001330018043518
3306,1.0007461309432983
3307,1.0033631324768066
3308,1.0009653568267822
3309,1.000465750694275
3310,1.00093674659729
3311,1.0012462139129639
3312,1.0037907361984253
3313,1.000641107559204
3314,1.001284122467041
3315,1.0007041692733765
3316,1.0021294355392456
3317,1.0107386112213135
3318,1.0016868114471436
3319,1.0001075267791748
3320,1.002825140953064
3321,1.000714898109436
3322,1.0016498565673828
3323,1.0013103485107422
3324,1.0006483793258667
3325,1.0026307106018066
3326,1.0015583038330078
3327,1.003952145576477
3328,1.0027676820755005
3329,1.0073440074920654
3330,1.0018656253814697
3331,1.0006767511367798
3332,1.0002667903900146
3333,1.0004404783248901
3334,1.0007438659667969
3335,1.0062360763549805
3336,1.000423550605774
3337,1.0000468492507935
3338,1.0006457567214966
3339,1.001139521598816
3340,1.0019201040267944
3341,1.0009270906448364
3342,1.002241611480713
3343,1.0014419555664062
3344,1.0014561414718628
3345,1.0002021789550781
3346,1.001428246498108
3347,1.000046968460083
3348,1.0001461505889893
3349,1.0013642311096191
3350,1.0002257823944092
3351,1.000136137008667
3352,1.0003321170806885
3353,1.0005393028259277
3354,1.0005520582199097
3355,1.0015250444412231
3356,1.0009981393814087
3357,1.0019433498382568
3358,1.0007569789886475
3359,1.0004469156265259
3360,1.0034005641937256
3361,1.0011098384857178
3362,1.00029718875885
3363,1.0001273155212402
3364,1.0009785890579224
3365,1.0009026527404785
3366,1.0002862215042114
3367,1.000852108001709
3368,1.0076762437820435
3369,1.0005276203155518
3370,1.0011476278305054
3371,1.0002644062042236
3372,1.0004080533981323
3373,1.000091314315796
3374,1.002588152885437
3375,1.0031861066818237
3376,1.0004888772964478
3377,1.000056266784668
3378,1.00039803981781
3379,1.000403642654419
3380,1.000096082687378
3381,1.0006791353225708
3382,1.0023812055587769
3383,1.001131296157837
3384,1.0010437965393066
3385,1.0001580715179443
3386,1.0003868341445923
3387,1.0023033618927002
3388,1.0004870891571045
3389,1.007073163986206
3390,1.0002331733703613
3391,1.0017375946044922
3392,1.0003865957260132
3393,1.0021677017211914
3394,1.0041245222091675
3395,1.0053038597106934
3396,1.000478744506836
3397,1.0039381980895996
3398,1.0027613639831543
3399,1.0008002519607544
3400,1.0027955770492554
3401,1.0006953477859497
3402,1.0015921592712402
3403,1.0011699199676514
3404,1.00033700466156
3405,1.0010744333267212
3406,1.001099705696106
3407,1.0004180669784546
3408,1.0026196241378784
3409,1.0018181800842285
3410,1.0009676218032837
3411,1.0007011890411377
3412,1.0003961324691772
3413,1.0001399517059326
3414,1.0001587867736816
3415,1.0014559030532837
3416,1.0014175176620483
3417,1.0016648769378662
3418,1.0005522966384888
3419,1.000696063041687
3420,1.0015853643417358
3421,1.000561237335205
3422,1.0012321472167969
3423,1.0013848543167114
3424,1.0002353191375732
3425,1.0002011060714722
3426,1.0002795457839966
3427,1.000503420829773
3428,1.0030676126480103
3429,1.0001704692840576
3430,1.0015050172805786
3431,1.0009595155715942
3432,1.001625657081604
3433,1.000901699066162
3434,1.0008254051208496
3435,1.001349687576294
3436,1.000748872756958
3437,1.0003457069396973
3438,1.0010950565338135
3439,1.0012751817703247
3440,1.0018304586410522
3441,1.0062739849090576
3442,1.0000547170639038
3443,1.003625750541687
3444,1.0045998096466064
3445,1.000849962234497
3446,1.0034875869750977
3447,1.0042123794555664
3448,1.0022642612457275
3449,1.0003560781478882
3450,1.0011459589004517
3451,1.0006697177886963
3452,1.001242756843567
3453,1.0004708766937256
3454,1.0008584260940552
3455,1.00045645236969
3456,1.0026143789291382
3457,1.0003355741500854
3458,1.0015530586242676
3459,1.0004990100860596
3460,1.0003650188446045
3461,1.0036109685897827
3462,1.0003411769866943
3463,1.000482439994812
3464,1.001535177230835
3465,1.0000717639923096
3466,1.0012718439102173
3467,1.0015599727630615
3468,1.0004335641860962
3469,1.000166893005371
3470,1.0001142024993896
3471,1.0024797916412354
3472,1.0026133060455322
3473,1.0059776306152344
3474,1.00113844871521
3475,1.0020184516906738
3476,1.0025606155395508
3477,1.002123236656189
3478,1.0010592937469482
3479,1.0014996528625488
3480,1.0000334978103638
3481,1.000614881515503
3482,1.001477837562561
3483,1.0014979839324951
3484,1.0010501146316528
3485,1.002343773841858
3486,1.000370979309082
3487,1.0019912719726562
3488,1.0005629062652588
3489,1.0014808177947998
3490,1.0007483959197998
3491,1.0023821592330933
3492,1.0018776655197144
3493,1.0003201961517334
3494,1.000104546546936
3495,1.0018445253372192
3496,1.000818133354187
3497,1.0013773441314697
3498,1.000555157661438
3499,1.002174973487854
3500,1.0009398460388184
3501,1.0001922845840454
3502,1.0003983974456787
3503,1.0004099607467651
3504,1.0006650686264038
3505,1.0000637769699097
3506,1.0015312433242798
3507,1.0011252164840698
3508,1.0001252889633179
3509,1.0005875825881958
3510,1.0004512071609497
3511,1.0003477334976196
3512,1.0024446249008179
3513,1.0010135173797607
3514,1.0003180503845215
3515,1.000346302986145
3516,1.0016714334487915
3517,1.0006506443023682
3518,1.0004643201828003
3519,1.0000962018966675
3520,1.000186562538147
3521,1.0006604194641113
3522,1.0006155967712402
3523,1.0006744861602783
3524,1.002393126487732
3525,1.002335548400879
3526,1.0009807348251343
3527,1.003307819366455
3528,1.0009610652923584
3529,1.0030457973480225
3530,1.00349760055542
3531,1.0010442733764648
3532,1.0001806020736694
3533,1.0011744499206543
3534,1.0002985000610352
3535,1.0001873970031738
3536,1.0002413988113403
3537,1.00052809715271
3538,1.0023901462554932
3539,1.0029665231704712
3540,1.0038325786590576
3541,1.001240611076355
3542,1.0002050399780273
3543,1.0006829500198364
3544,1.003756046295166
3545,1.0005358457565308
3546,1.0024389028549194
3547,1.0028287172317505
3548,1.0009821653366089
3549,1.0011835098266602
3550,1.0012422800064087
3551,1.0003273487091064
3552,1.0012152194976807
3553,1.002342700958252
3554,1.0014954805374146
3555,1.0034562349319458
3556,1.0018112659454346
3557,1.0013612508773804
3558,1.0051881074905396
3559,1.0006717443466187
3560,1.0052461624145508
3561,1.002314805984497
3562,1.0017592906951904
3563,1.0013034343719482
3564,1.0012657642364502
3565,1.0007531642913818
3566,1.0012016296386719
3567,1.0016781091690063
3568,1.0025551319122314
3569,1.0001827478408813
3570,1.0029202699661255
3571,1.0004717111587524
3572,1.0015162229537964
3573,1.0024290084838867
3574,1.000800609588623
3575,1.0011606216430664
3576,1.0025341510772705
3577,1.0011190176010132
3578,1.0018595457077026
3579,1.001509666442871
3580,1.0015956163406372
3581,1.0009171962738037
3582,1.001362681388855
3583,1.0008786916732788
3584,1.0027912855148315
3585,1.000860571861267
3586,1.0024837255477905
3587,1.0005066394805908
3588,1.0022053718566895
3589,1.0021040439605713
3590,1.0021241903305054
3591,1.005982756614685
3592,1.0031499862670898
3593,1.006059169769287
3594,1.001286268234253
3595,1.001551866531372
3596,1.001213788986206
3597,1.0021919012069702
3598,1.0013071298599243
3599,1.0025604963302612
3600,1.001835584640503
3601,1.006365180015564
3602,1.0002559423446655
3603,1.0014792680740356
3604,1.0009762048721313
3605,1.000785231590271
3606,1.0021147727966309
3607,1.0008476972579956
3608,1.0002985000610352
3609,1.00265371799469
3610,1.000231385231018
3611,1.001263976097107
3612,1.0022374391555786
3613,1.0014418363571167
3614,1.0001546144485474
3615,1.0069712400436401
3616,1.0019046068191528
3617,1.0009212493896484
3618,1.0003445148468018
3619,1.0010725259780884
3620,1.0038599967956543
3621,1.0008103847503662
3622,1.0025966167449951
3623,1.0014915466308594
3624,1.002792239189148
3625,1.0031681060791016
3626,1.012394905090332
3627,1.002165675163269
3628,1.0006017684936523
3629,1.0008935928344727
3630,1.0006686449050903
3631,1.0000406503677368
3632,1.001008152961731
3633,1.0009276866912842
3634,1.000644564628601
3635,1.0008416175842285
3636,1.0026417970657349
3637,1.0015122890472412
3638,1.004535436630249
3639,1.0015215873718262
3640,1.0000752210617065
3641,1.000165581703186
3642,1.0019590854644775
3643,1.001268744468689
3644,1.001603126525879
3645,1.0025116205215454
3646,1.0052882432937622
3647,1.0010257959365845
3648,1.0019155740737915
3649,1.0010850429534912
3650,1.0007463693618774
3651,1.0006440877914429
3652,1.0015853643417358
3653,1.0017904043197632
3654,1.00151526927948
3655,1.0055313110351562
3656,1.0006635189056396
3657,1.0020935535430908
3658,1.0011731386184692
3659,1.0002013444900513
3660,1.000974416732788
3661,1.0018668174743652
3662,1.0042104721069336
3663,1.000711441040039
3664,1.0005226135253906
3665,1.0000375509262085
3666,1.000035285949707
3667,1.0027172565460205
3668,1.0014889240264893
3669,1.0007878541946411
3670,1.0036925077438354
3671,1.0065895318984985
3672,1.0015079975128174
3673,1.002692461013794
3674,1.0019500255584717
3675,1.0029274225234985
3676,1.002144694328308
3677,1.000198483467102
3678,1.000962257385254
3679,1.0015002489089966
3680,1.0016844272613525
3681,1.0003607273101807
3682,1.0013229846954346
3683,1.001015543937683
3684,1.0020359754562378
3685,1.0007126331329346
3686,1.0034480094909668
3687,1.0006498098373413
3688,1.0023908615112305
3689,1.0000600814819336
3690,1.0004953145980835
3691,1.0027005672454834
3692,1.002698540687561
3693,1.0005967617034912
3694,1.000881314277649
3695,1.0053439140319824
3696,1.0023423433303833
3697,1.0025824308395386
3698,1.0010972023010254
3699,1.0010042190551758
3700,1.001011610031128
3701,1.0013045072555542
3702,1.0008991956710815
3703,1.0016539096832275
3704,1.00117826461792
3705,1.000753402709961
3706,1.0002880096435547
3707,1.0005117654800415
3708,1.0016266107559204
3709,1.0003552436828613
3710,1.0016204118728638
3711,1.0011404752731323
3712,1.0019997358322144
3713,1.0005507469177246
3714,1.000196933746338
3715,1.002720832824707
3716,1.0006449222564697
3717,1.0002752542495728
3718,1.0015894174575806
3719,1.0002855062484741
3720,1.0021189451217651
3721,1.000662922859192
3722,1.0022622346878052
3723,1.0025522708892822
3724,1.0002554655075073
3725,1.0003101825714111
3726,1.0030523538589478
3727,1.004652738571167
3728,1.0012505054473877
3729,1.0038669109344482
3730,1.007338523864746
3731,1.0048270225524902
3732,1.0034420490264893
3733,1.0075715780258179
3734,1.0005007982254028
3735,1.0003825426101685
3736,1.0008853673934937
3737,1.0042550563812256
3738,1.0002373456954956
3739,1.0001550912857056
3740,1.001198410987854
3741,1.0052250623703003
3742,1.001121163368225
3743,1.002410888671875
3744,1.0043425559997559
3745,1.0016652345657349
3746,1.0018136501312256
3747,1.0021119117736816
3748,1.0014795064926147
3749,1.0015217065811157
3750,1.000463843345642
3751,1.0032821893692017
3752,1.0035829544067383
3753,1.0051995515823364
3754,1.001492977142334
3755,1.0010788440704346
3756,1.0014578104019165
3757,1.0002357959747314
3758,1.0018250942230225
3759,1.00082266330719
3760,1.0017244815826416
